user_id,departure_address,latitude,longitude,arrival_datetime,max_duration,max_cost,num_passenger,num_luggage,with_children
1,"부평구, 인천",37.507342,126.721592,2024-05-31 23:18:00.604604,150,25000,4,3,No
2,"여수시, 전라남도",34.760407,127.662222,2024-05-24 14:52:08.589300,60,25000,3,4,Yes
3,"구미시, 경상북도",36.119484,128.34457,2024-06-10 13:42:04.692848,60,30000,1,2,No
4,"여수시, 전라남도",34.760407,127.662222,2024-06-09 06:05:08.790426,120,30000,1,3,No
5,"동구, 울산",35.482023,129.419159,2024-06-12 08:48:00.052744,150,35000,1,2,Yes
6,"동구, 울산",35.482023,129.419159,2024-06-01 08:39:33.847866,60,35000,6,1,Yes
7,"충주시, 충청북도",36.990609,127.926264,2024-06-14 13:50:51.508827,90,20000,1,2,Yes
8,"수영구, 부산",35.142998,129.11369,2024-06-14 13:22:22.649163,90,30000,4,2,No
9,"중구, 대전",36.325693,127.419801,2024-06-09 02:26:12.817699,90,30000,3,4,No
10,"연수구, 인천",37.409843,126.67896,2024-06-19 05:25:36.374553,150,20000,2,1,Yes
11,"천안시, 충청남도",36.815072,127.113893,2024-06-15 15:49:19.540503,90,20000,2,3,Yes
12,"천안시, 충청남도",36.815072,127.113893,2024-06-08 14:25:12.451593,120,20000,2,2,Yes
13,"순천시, 전라남도",34.95057,127.487002,2024-05-22 09:22:57.823627,150,25000,3,1,Yes
14,"중구, 대전",36.325693,127.419801,2024-06-05 00:11:27.792704,90,35000,5,2,No
15,"유성구, 대전",36.362675,127.356711,2024-05-27 10:25:35.860933,60,25000,1,0,No
16,"중구, 대구",35.869407,128.600947,2024-05-26 16:28:20.924263,60,20000,4,2,Yes
17,"춘천시, 강원도",37.881315,127.729968,2024-05-29 17:11:23.807265,150,20000,1,1,No
18,"유성구, 대전",36.362675,127.356711,2024-05-25 07:36:42.825643,60,30000,6,0,No
19,"전주시, 전라북도",35.824224,127.147953,2024-06-12 06:46:28.128573,60,20000,3,4,No
20,"종로구, 서울",37.57305,126.979189,2024-05-23 23:02:27.502532,90,20000,2,0,Yes
21,"진주시, 경상남도",35.180188,128.107621,2024-06-04 16:16:32.108582,150,35000,2,1,Yes
22,"수성구, 대구",35.858298,128.631849,2024-06-06 12:07:20.422942,150,35000,2,2,Yes
23,"동구, 광주",35.146214,126.923445,2024-05-20 18:34:29.589084,90,30000,5,2,No
24,"진주시, 경상남도",35.180188,128.107621,2024-06-10 09:23:25.595970,90,20000,3,0,No
25,"원주시, 강원도",37.342371,127.920162,2024-05-28 16:42:59.094408,120,30000,2,0,Yes
26,"전주시, 전라북도",35.824224,127.147953,2024-06-12 04:50:53.159891,60,30000,5,1,Yes
27,"강남구, 서울",37.497175,127.027926,2024-06-09 17:09:55.191638,90,30000,5,1,No
28,"경주시, 경상북도",35.85617,129.224748,2024-06-10 23:50:47.008070,90,25000,3,3,No
29,"수원시, 경기도",37.263573,127.028601,2024-05-22 07:36:13.964549,90,35000,4,3,Yes
30,"군산시, 전라북도",35.967035,126.736794,2024-05-30 16:35:25.338729,120,35000,5,4,Yes
31,"부평구, 인천",37.507342,126.721592,2024-05-30 06:51:19.210714,60,25000,1,4,No
32,"충주시, 충청북도",36.990609,127.926264,2024-06-11 22:05:40.099637,150,30000,4,3,Yes
33,"동구, 울산",35.482023,129.419159,2024-05-25 14:00:05.057153,90,35000,6,3,No
34,"경주시, 경상북도",35.85617,129.224748,2024-06-14 01:29:21.207700,120,35000,5,0,No
35,"제천시, 충청북도",37.132647,128.191443,2024-05-28 09:14:05.012686,60,25000,5,0,No
36,"수영구, 부산",35.142998,129.11369,2024-06-16 14:20:50.586183,90,30000,6,1,No
37,"북구, 광주",35.175049,126.912287,2024-06-15 06:45:55.883765,90,30000,5,4,Yes
38,"연수구, 인천",37.409843,126.67896,2024-06-08 14:10:50.600413,150,25000,2,1,No
39,"중구, 대구",35.869407,128.600947,2024-05-21 17:36:43.466146,150,20000,4,3,No
40,"충주시, 충청북도",36.990609,127.926264,2024-05-28 16:45:02.110751,90,25000,5,2,Yes
41,"해운대구, 부산",35.163236,129.163125,2024-06-02 07:25:22.179679,120,30000,2,0,No
42,"순천시, 전라남도",34.95057,127.487002,2024-05-30 13:27:36.495489,150,25000,5,2,Yes
43,"남동구, 인천",37.447226,126.731292,2024-05-31 06:00:34.569798,150,25000,2,1,No
44,"수영구, 부산",35.142998,129.11369,2024-06-13 08:51:47.211489,60,25000,5,4,Yes
45,"종로구, 서울",37.57305,126.979189,2024-06-09 05:16:10.351057,120,35000,5,3,Yes
46,"제천시, 충청북도",37.132647,128.191443,2024-05-25 11:06:21.464745,120,20000,6,3,Yes
47,"중구, 대구",35.869407,128.600947,2024-06-09 23:29:09.697847,60,20000,4,1,No
48,"동구, 울산",35.482023,129.419159,2024-05-29 00:12:10.438393,60,30000,1,0,Yes
49,"익산시, 전라북도",35.950593,126.9571,2024-06-01 20:20:37.979510,120,30000,6,1,Yes
50,"북구, 광주",35.175049,126.912287,2024-06-04 08:22:04.983986,90,30000,6,3,Yes
51,"중구, 대구",35.869407,128.600947,2024-06-19 09:13:20.226117,120,20000,3,3,Yes
52,"해운대구, 부산",35.163236,129.163125,2024-06-13 21:59:31.398168,120,25000,5,4,No
53,"전주시, 전라북도",35.824224,127.147953,2024-05-24 23:29:43.923684,60,30000,1,3,Yes
54,"부평구, 인천",37.507342,126.721592,2024-06-15 06:29:42.808642,60,25000,6,1,No
55,"군산시, 전라북도",35.967035,126.736794,2024-05-25 22:01:08.175432,90,25000,1,1,No
56,"남동구, 인천",37.447226,126.731292,2024-06-19 00:05:33.218222,60,35000,5,4,Yes
57,"여수시, 전라남도",34.760407,127.662222,2024-05-21 02:39:13.711236,150,30000,1,4,No
58,"경주시, 경상북도",35.85617,129.224748,2024-06-13 08:37:46.173354,120,20000,1,2,Yes
59,"수원시, 경기도",37.263573,127.028601,2024-05-26 00:38:26.261437,120,20000,6,1,Yes
60,"전주시, 전라북도",35.824224,127.147953,2024-06-19 09:57:06.967443,120,25000,6,3,No
61,"수성구, 대구",35.858298,128.631849,2024-06-18 03:01:20.174579,150,25000,4,3,No
62,"서구, 광주",35.152998,126.89105,2024-05-30 08:02:55.247844,60,25000,5,0,Yes
63,"김해시, 경상남도",35.228516,128.889215,2024-06-09 23:41:04.807443,90,35000,2,2,No
64,"동구, 대구",35.885774,128.635718,2024-06-05 05:32:35.353023,150,20000,3,4,Yes
65,"김해시, 경상남도",35.228516,128.889215,2024-06-12 02:52:03.649696,60,20000,2,2,Yes
66,"동구, 울산",35.482023,129.419159,2024-06-19 13:43:26.231961,150,35000,1,0,No
67,"아산시, 충청남도",36.789839,127.004591,2024-06-14 07:46:57.819895,120,25000,2,4,No
68,"춘천시, 강원도",37.881315,127.729968,2024-06-19 03:40:13.258212,150,30000,4,0,Yes
69,"수영구, 부산",35.142998,129.11369,2024-06-14 01:05:23.893568,150,20000,1,0,Yes
70,"서구, 대전",36.355107,127.385541,2024-05-21 18:15:20.404107,120,35000,2,0,Yes
71,"남동구, 인천",37.447226,126.731292,2024-06-06 23:27:27.108635,60,25000,6,2,Yes
72,"성남시, 경기도",37.420058,127.126546,2024-06-11 07:16:10.757493,90,25000,6,3,Yes
73,"진주시, 경상남도",35.180188,128.107621,2024-06-07 12:17:24.282491,150,20000,3,2,Yes
74,"남구, 울산",35.543799,129.324693,2024-06-08 19:05:02.593048,120,30000,2,0,Yes
75,"제천시, 충청북도",37.132647,128.191443,2024-06-12 22:10:40.525130,90,30000,5,4,Yes
76,"천안시, 충청남도",36.815072,127.113893,2024-05-31 03:51:58.167257,120,20000,5,3,No
77,"청주시, 충청북도",36.642432,127.489031,2024-06-12 15:16:09.960101,90,20000,3,0,No
78,"중구, 대전",36.325693,127.419801,2024-06-18 01:01:46.330489,90,20000,6,4,No
79,"동구, 대구",35.885774,128.635718,2024-05-28 12:13:23.125786,120,35000,3,4,Yes
80,"중구, 대구",35.869407,128.600947,2024-05-28 16:21:38.008246,120,20000,3,0,No
81,"여수시, 전라남도",34.760407,127.662222,2024-06-15 20:58:34.450076,150,20000,5,1,No
82,"중구, 대구",35.869407,128.600947,2024-05-22 22:30:43.380686,90,30000,4,3,Yes
83,"수영구, 부산",35.142998,129.11369,2024-06-06 18:41:59.312737,120,35000,6,2,No
84,"목포시, 전라남도",34.811835,126.392166,2024-05-22 18:33:15.587379,120,20000,3,4,Yes
85,"동구, 대구",35.885774,128.635718,2024-05-25 17:17:43.834368,90,35000,2,0,Yes
86,"목포시, 전라남도",34.811835,126.392166,2024-06-12 20:55:41.741275,150,20000,6,3,No
87,"남동구, 인천",37.447226,126.731292,2024-05-22 06:48:21.278050,90,35000,6,1,Yes
88,"서구, 광주",35.152998,126.89105,2024-06-02 08:27:14.458251,60,35000,6,1,Yes
89,"용인시, 경기도",37.241086,127.177553,2024-05-23 07:45:48.787036,150,25000,3,3,No
90,"동구, 울산",35.482023,129.419159,2024-05-26 11:14:51.847358,120,25000,2,2,Yes
91,"동구, 광주",35.146214,126.923445,2024-05-21 19:26:54.864569,150,30000,1,0,No
92,"유성구, 대전",36.362675,127.356711,2024-06-01 10:43:33.648297,120,30000,5,1,Yes
93,"서산시, 충청남도",36.784517,126.450527,2024-06-12 11:59:25.437196,120,30000,5,4,No
94,"유성구, 대전",36.362675,127.356711,2024-06-19 00:59:09.896471,120,25000,1,0,Yes
95,"서산시, 충청남도",36.784517,126.450527,2024-06-09 06:47:08.501791,60,20000,1,1,Yes
96,"중구, 대전",36.325693,127.419801,2024-06-06 03:25:01.114478,60,30000,3,1,No
97,"구미시, 경상북도",36.119484,128.34457,2024-06-11 19:28:44.885741,150,35000,1,1,Yes
98,"여수시, 전라남도",34.760407,127.662222,2024-05-29 19:03:19.599708,120,25000,4,3,Yes
99,"성남시, 경기도",37.420058,127.126546,2024-06-11 14:49:24.323101,150,35000,1,0,Yes
100,"춘천시, 강원도",37.881315,127.729968,2024-05-29 23:00:57.411625,90,35000,2,4,Yes
101,"송파구, 서울",37.514575,127.105999,2024-06-15 07:21:43.234181,150,35000,6,0,No
102,"중구, 대전",36.325693,127.419801,2024-05-27 13:50:48.630267,90,20000,2,2,Yes
103,"강남구, 서울",37.497175,127.027926,2024-05-31 21:29:38.064106,150,30000,3,4,Yes
104,"강남구, 서울",37.497175,127.027926,2024-06-04 08:39:44.693218,90,35000,2,1,Yes
105,"송파구, 서울",37.514575,127.105999,2024-06-04 14:28:07.251299,150,30000,2,1,Yes
106,"북구, 광주",35.175049,126.912287,2024-06-15 19:11:51.884387,90,30000,1,3,Yes
107,"중구, 대구",35.869407,128.600947,2024-05-21 14:02:39.653483,150,30000,6,2,No
108,"충주시, 충청북도",36.990609,127.926264,2024-06-02 10:47:46.431336,90,25000,4,4,Yes
109,"용인시, 경기도",37.241086,127.177553,2024-05-28 00:04:49.615243,150,20000,5,0,Yes
110,"수성구, 대구",35.858298,128.631849,2024-06-09 09:10:15.939586,90,20000,1,3,Yes
111,"중구, 대구",35.869407,128.600947,2024-06-02 21:34:29.961092,90,35000,4,3,No
112,"수영구, 부산",35.142998,129.11369,2024-06-07 02:47:32.910874,150,30000,6,0,Yes
113,"남구, 울산",35.543799,129.324693,2024-06-08 19:23:52.855350,60,20000,6,0,Yes
114,"춘천시, 강원도",37.881315,127.729968,2024-06-04 00:01:29.592635,90,20000,1,3,Yes
115,"아산시, 충청남도",36.789839,127.004591,2024-05-22 19:20:06.201280,90,35000,5,2,Yes
116,"동구, 울산",35.482023,129.419159,2024-06-17 16:34:42.052674,90,20000,4,0,No
117,"강릉시, 강원도",37.751853,128.876057,2024-06-18 01:47:14.240889,60,25000,6,4,No
118,"부평구, 인천",37.507342,126.721592,2024-06-10 18:25:18.435066,120,30000,1,3,Yes
119,"충주시, 충청북도",36.990609,127.926264,2024-06-06 02:06:49.386557,150,30000,3,2,No
120,"유성구, 대전",36.362675,127.356711,2024-05-24 20:40:43.196107,120,35000,4,3,Yes
121,"청주시, 충청북도",36.642432,127.489031,2024-06-05 22:50:44.500278,60,30000,2,2,No
122,"익산시, 전라북도",35.950593,126.9571,2024-06-05 23:54:38.084217,120,35000,3,3,Yes
123,"남구, 울산",35.543799,129.324693,2024-06-09 18:39:25.500052,150,25000,1,0,No
124,"해운대구, 부산",35.163236,129.163125,2024-06-10 05:28:59.863517,60,20000,5,4,Yes
125,"진주시, 경상남도",35.180188,128.107621,2024-05-30 07:59:50.710966,60,20000,6,1,Yes
126,"목포시, 전라남도",34.811835,126.392166,2024-06-10 13:48:04.942537,90,20000,5,3,Yes
127,"군산시, 전라북도",35.967035,126.736794,2024-05-24 20:20:06.985808,150,30000,3,1,Yes
128,"김해시, 경상남도",35.228516,128.889215,2024-05-25 23:29:45.505704,150,20000,3,1,No
129,"익산시, 전라북도",35.950593,126.9571,2024-06-13 20:03:29.560836,90,25000,3,1,Yes
130,"해운대구, 부산",35.163236,129.163125,2024-05-30 23:55:18.393470,150,35000,4,0,Yes
131,"순천시, 전라남도",34.95057,127.487002,2024-05-28 20:45:12.943739,60,35000,2,2,No
132,"김해시, 경상남도",35.228516,128.889215,2024-06-04 03:41:23.949138,60,30000,2,2,No
133,"전주시, 전라북도",35.824224,127.147953,2024-06-08 04:58:26.470500,60,20000,3,1,Yes
134,"동구, 광주",35.146214,126.923445,2024-06-05 04:48:15.733493,90,30000,5,3,No
135,"충주시, 충청북도",36.990609,127.926264,2024-05-22 09:40:55.260371,120,35000,1,4,Yes
136,"사하구, 부산",35.10467,128.96642,2024-05-23 17:20:49.640060,60,25000,5,2,No
137,"강릉시, 강원도",37.751853,128.876057,2024-06-10 21:50:43.408365,120,35000,2,1,Yes
138,"수영구, 부산",35.142998,129.11369,2024-05-21 16:49:35.039279,120,20000,3,2,No
139,"군산시, 전라북도",35.967035,126.736794,2024-05-20 17:51:17.815339,150,35000,3,0,Yes
140,"남구, 울산",35.543799,129.324693,2024-05-25 13:19:21.467990,90,20000,5,4,No
141,"포항시, 경상북도",36.01906,129.343481,2024-05-30 04:03:08.058246,60,25000,1,0,No
142,"구미시, 경상북도",36.119484,128.34457,2024-05-25 04:44:42.902817,120,30000,2,4,No
143,"김해시, 경상남도",35.228516,128.889215,2024-05-31 09:48:36.482369,90,25000,6,0,No
144,"목포시, 전라남도",34.811835,126.392166,2024-06-15 23:10:35.868627,90,35000,4,1,No
145,"남구, 울산",35.543799,129.324693,2024-06-02 04:31:41.826766,150,25000,5,3,Yes
146,"구미시, 경상북도",36.119484,128.34457,2024-05-26 22:52:27.521920,120,20000,1,3,No
147,"군산시, 전라북도",35.967035,126.736794,2024-06-11 19:36:09.761570,90,20000,1,4,Yes
148,"포항시, 경상북도",36.01906,129.343481,2024-05-26 22:31:15.327669,150,30000,3,1,No
149,"성남시, 경기도",37.420058,127.126546,2024-05-28 17:33:01.351865,120,25000,6,0,No
150,"포항시, 경상북도",36.01906,129.343481,2024-05-24 17:01:11.245117,90,25000,2,1,No
151,"동구, 울산",35.482023,129.419159,2024-06-05 02:38:02.387292,120,25000,6,3,Yes
152,"전주시, 전라북도",35.824224,127.147953,2024-06-12 20:27:58.707350,60,25000,2,0,No
153,"북구, 광주",35.175049,126.912287,2024-06-10 06:48:34.530399,120,20000,6,0,Yes
154,"사하구, 부산",35.10467,128.96642,2024-05-26 14:21:57.164706,150,25000,2,1,Yes
155,"동구, 광주",35.146214,126.923445,2024-06-03 15:51:37.718189,90,20000,5,3,Yes
156,"유성구, 대전",36.362675,127.356711,2024-06-17 21:34:13.513942,150,30000,6,4,Yes
157,"송파구, 서울",37.514575,127.105999,2024-06-10 09:35:10.913107,150,30000,2,3,No
158,"익산시, 전라북도",35.950593,126.9571,2024-05-28 13:03:13.035828,60,25000,4,2,Yes
159,"목포시, 전라남도",34.811835,126.392166,2024-05-26 21:18:29.254301,60,30000,2,1,No
160,"순천시, 전라남도",34.95057,127.487002,2024-05-23 06:56:11.412228,60,20000,5,4,No
161,"동구, 울산",35.482023,129.419159,2024-06-02 08:02:53.682427,150,30000,4,4,No
162,"아산시, 충청남도",36.789839,127.004591,2024-05-28 06:01:33.326962,90,30000,2,0,No
163,"유성구, 대전",36.362675,127.356711,2024-06-12 07:23:25.902586,120,30000,5,1,Yes
164,"중구, 대구",35.869407,128.600947,2024-06-15 03:51:09.539696,150,25000,3,0,No
165,"전주시, 전라북도",35.824224,127.147953,2024-06-08 21:03:47.515086,60,35000,5,1,No
166,"송파구, 서울",37.514575,127.105999,2024-06-03 15:15:30.250101,150,25000,5,3,Yes
167,"중구, 대전",36.325693,127.419801,2024-05-23 10:50:08.333966,90,20000,6,0,Yes
168,"아산시, 충청남도",36.789839,127.004591,2024-05-26 05:59:34.007400,150,25000,3,3,No
169,"수영구, 부산",35.142998,129.11369,2024-05-28 03:10:25.973629,150,35000,5,0,No
170,"성남시, 경기도",37.420058,127.126546,2024-05-26 04:48:40.369804,120,30000,2,0,No
171,"부평구, 인천",37.507342,126.721592,2024-06-13 20:22:45.797576,60,35000,2,2,No
172,"강남구, 서울",37.497175,127.027926,2024-05-24 13:35:06.244777,120,35000,1,3,No
173,"송파구, 서울",37.514575,127.105999,2024-06-16 10:46:54.171818,120,20000,6,3,No
174,"아산시, 충청남도",36.789839,127.004591,2024-06-09 11:00:09.097729,90,20000,3,1,Yes
175,"원주시, 강원도",37.342371,127.920162,2024-05-25 15:33:21.746649,60,20000,2,1,Yes
176,"남동구, 인천",37.447226,126.731292,2024-06-11 05:23:54.703693,60,20000,5,3,No
177,"창원시, 경상남도",35.227352,128.681391,2024-06-10 18:16:34.857588,150,20000,1,3,No
178,"서산시, 충청남도",36.784517,126.450527,2024-06-06 21:32:38.274570,90,35000,1,2,No
179,"목포시, 전라남도",34.811835,126.392166,2024-06-04 02:52:15.705882,90,30000,3,4,Yes
180,"춘천시, 강원도",37.881315,127.729968,2024-06-12 06:38:37.268290,150,30000,5,1,Yes
181,"창원시, 경상남도",35.227352,128.681391,2024-06-09 03:06:35.845039,150,25000,5,3,Yes
182,"남동구, 인천",37.447226,126.731292,2024-05-25 22:55:08.851208,120,20000,5,4,No
183,"군산시, 전라북도",35.967035,126.736794,2024-06-06 21:33:04.654260,90,30000,2,3,Yes
184,"제천시, 충청북도",37.132647,128.191443,2024-05-26 07:04:48.280114,90,35000,6,4,No
185,"중구, 대전",36.325693,127.419801,2024-05-26 14:37:11.289832,60,20000,2,1,Yes
186,"유성구, 대전",36.362675,127.356711,2024-06-18 04:26:27.807890,150,25000,6,0,Yes
187,"수성구, 대구",35.858298,128.631849,2024-06-04 11:11:51.281126,90,35000,2,3,No
188,"전주시, 전라북도",35.824224,127.147953,2024-06-07 19:08:51.710228,120,20000,2,2,No
189,"순천시, 전라남도",34.95057,127.487002,2024-05-21 11:02:28.483971,90,25000,6,2,No
190,"남구, 울산",35.543799,129.324693,2024-05-21 02:43:57.430435,150,35000,1,0,No
191,"서구, 광주",35.152998,126.89105,2024-06-03 22:19:51.929658,90,20000,5,0,Yes
192,"익산시, 전라북도",35.950593,126.9571,2024-05-30 09:02:20.495093,90,35000,4,4,No
193,"동구, 대구",35.885774,128.635718,2024-06-05 07:07:33.036657,60,20000,3,4,No
194,"서구, 대전",36.355107,127.385541,2024-05-31 03:10:45.176804,90,25000,2,3,Yes
195,"충주시, 충청북도",36.990609,127.926264,2024-05-23 22:24:48.395042,90,35000,5,3,No
196,"중구, 울산",35.566295,129.347207,2024-05-24 02:17:32.082788,60,30000,3,2,No
197,"강릉시, 강원도",37.751853,128.876057,2024-06-13 01:41:42.199650,60,35000,5,3,Yes
198,"중구, 대전",36.325693,127.419801,2024-05-28 13:07:47.636092,120,35000,5,4,Yes
199,"종로구, 서울",37.57305,126.979189,2024-06-15 03:10:32.901694,150,30000,1,1,Yes
200,"서구, 대전",36.355107,127.385541,2024-06-15 04:53:37.411184,120,25000,5,0,Yes
201,"수성구, 대구",35.858298,128.631849,2024-06-17 07:20:58.196084,60,20000,3,3,No
202,"연수구, 인천",37.409843,126.67896,2024-06-04 21:28:18.637512,60,35000,4,4,Yes
203,"종로구, 서울",37.57305,126.979189,2024-06-10 02:47:31.266117,60,30000,6,2,No
204,"진주시, 경상남도",35.180188,128.107621,2024-06-11 03:58:03.844832,150,25000,4,0,No
205,"중구, 대전",36.325693,127.419801,2024-05-21 02:37:55.224771,150,25000,1,1,Yes
206,"원주시, 강원도",37.342371,127.920162,2024-06-17 15:45:50.642332,90,35000,6,2,No
207,"춘천시, 강원도",37.881315,127.729968,2024-06-11 07:32:56.878845,150,35000,5,1,Yes
208,"부평구, 인천",37.507342,126.721592,2024-05-22 09:31:05.987376,60,35000,4,3,No
209,"중구, 울산",35.566295,129.347207,2024-06-13 05:08:57.560139,150,35000,5,0,Yes
210,"순천시, 전라남도",34.95057,127.487002,2024-05-21 04:39:44.128149,90,30000,5,4,No
211,"여수시, 전라남도",34.760407,127.662222,2024-06-17 09:39:15.119697,90,20000,1,2,No
212,"중구, 대전",36.325693,127.419801,2024-06-15 13:30:31.721400,90,35000,2,2,Yes
213,"서구, 광주",35.152998,126.89105,2024-05-25 08:46:52.893596,60,30000,4,3,Yes
214,"전주시, 전라북도",35.824224,127.147953,2024-06-17 14:18:53.456199,120,30000,5,4,No
215,"포항시, 경상북도",36.01906,129.343481,2024-06-12 21:52:37.170207,120,25000,5,1,Yes
216,"동구, 울산",35.482023,129.419159,2024-06-02 20:52:28.528596,60,30000,4,2,Yes
217,"중구, 대구",35.869407,128.600947,2024-05-26 07:45:27.982197,60,35000,5,2,Yes
218,"순천시, 전라남도",34.95057,127.487002,2024-06-17 21:37:10.152238,120,20000,6,3,No
219,"성남시, 경기도",37.420058,127.126546,2024-06-13 19:31:21.815763,60,20000,5,4,Yes
220,"북구, 광주",35.175049,126.912287,2024-06-15 04:38:15.430911,120,25000,5,1,Yes
221,"목포시, 전라남도",34.811835,126.392166,2024-05-29 02:31:37.973278,90,30000,2,3,Yes
222,"강남구, 서울",37.497175,127.027926,2024-05-26 08:08:18.532710,120,25000,5,1,Yes
223,"춘천시, 강원도",37.881315,127.729968,2024-06-03 06:25:57.932028,120,35000,2,4,Yes
224,"익산시, 전라북도",35.950593,126.9571,2024-06-06 23:19:47.964376,90,25000,3,2,No
225,"수원시, 경기도",37.263573,127.028601,2024-05-27 12:16:56.252887,60,30000,4,1,No
226,"구미시, 경상북도",36.119484,128.34457,2024-06-12 01:07:31.010513,150,35000,4,2,Yes
227,"남동구, 인천",37.447226,126.731292,2024-06-13 14:15:37.182028,60,20000,6,1,No
228,"김해시, 경상남도",35.228516,128.889215,2024-05-21 08:38:58.872881,120,20000,4,3,Yes
229,"중구, 대전",36.325693,127.419801,2024-06-05 06:29:26.355693,90,30000,3,0,Yes
230,"익산시, 전라북도",35.950593,126.9571,2024-06-12 18:09:15.389091,60,30000,4,1,No
231,"구미시, 경상북도",36.119484,128.34457,2024-06-11 09:37:56.967935,60,25000,5,3,Yes
232,"여수시, 전라남도",34.760407,127.662222,2024-05-31 04:26:46.922818,90,35000,4,3,No
233,"부평구, 인천",37.507342,126.721592,2024-06-05 21:45:48.765607,90,30000,4,3,No
234,"동구, 대구",35.885774,128.635718,2024-06-04 06:08:13.959239,60,35000,6,2,Yes
235,"동구, 울산",35.482023,129.419159,2024-06-13 02:27:30.808539,60,25000,3,1,Yes
236,"여수시, 전라남도",34.760407,127.662222,2024-05-22 11:21:53.511361,120,35000,5,2,Yes
237,"충주시, 충청북도",36.990609,127.926264,2024-06-07 00:17:23.862466,90,35000,6,1,No
238,"성남시, 경기도",37.420058,127.126546,2024-06-02 18:34:37.870319,120,30000,1,0,Yes
239,"원주시, 강원도",37.342371,127.920162,2024-06-05 05:16:59.242891,120,35000,5,0,No
240,"춘천시, 강원도",37.881315,127.729968,2024-06-08 21:14:57.285087,60,25000,4,2,No
241,"구미시, 경상북도",36.119484,128.34457,2024-06-16 09:44:01.337542,60,30000,5,4,No
242,"구미시, 경상북도",36.119484,128.34457,2024-06-08 23:06:01.420304,120,35000,1,3,Yes
243,"창원시, 경상남도",35.227352,128.681391,2024-06-01 07:59:15.922162,90,35000,1,2,No
244,"수원시, 경기도",37.263573,127.028601,2024-06-09 12:38:01.383969,150,20000,2,4,No
245,"창원시, 경상남도",35.227352,128.681391,2024-06-01 03:11:52.675107,120,35000,5,1,Yes
246,"동구, 울산",35.482023,129.419159,2024-06-16 04:59:06.083722,150,35000,1,4,Yes
247,"사하구, 부산",35.10467,128.96642,2024-05-31 16:32:41.740437,90,20000,1,2,Yes
248,"김해시, 경상남도",35.228516,128.889215,2024-06-13 08:16:49.630208,60,25000,3,4,No
249,"동구, 대구",35.885774,128.635718,2024-06-07 09:10:21.041328,90,35000,6,3,Yes
250,"원주시, 강원도",37.342371,127.920162,2024-05-30 14:28:42.711588,120,20000,1,1,Yes
251,"진주시, 경상남도",35.180188,128.107621,2024-06-16 20:17:51.786776,150,35000,2,4,Yes
252,"수원시, 경기도",37.263573,127.028601,2024-06-11 22:40:03.625428,90,35000,1,2,No
253,"창원시, 경상남도",35.227352,128.681391,2024-06-09 18:13:19.593894,90,25000,5,4,No
254,"성남시, 경기도",37.420058,127.126546,2024-06-13 16:44:51.083781,120,35000,1,4,No
255,"익산시, 전라북도",35.950593,126.9571,2024-05-24 00:06:03.703046,120,30000,4,0,No
256,"중구, 대전",36.325693,127.419801,2024-05-24 23:10:57.441414,150,35000,6,3,No
257,"여수시, 전라남도",34.760407,127.662222,2024-06-13 16:11:42.419298,90,20000,6,4,Yes
258,"강남구, 서울",37.497175,127.027926,2024-06-10 04:07:16.179060,150,30000,2,2,No
259,"군산시, 전라북도",35.967035,126.736794,2024-05-24 11:18:29.871962,120,25000,6,4,No
260,"춘천시, 강원도",37.881315,127.729968,2024-05-29 14:24:11.376179,90,35000,2,3,No
261,"동구, 울산",35.482023,129.419159,2024-05-24 12:16:49.922696,90,30000,1,1,Yes
262,"남동구, 인천",37.447226,126.731292,2024-05-25 16:35:51.549977,60,30000,6,1,No
263,"목포시, 전라남도",34.811835,126.392166,2024-05-20 18:46:52.086139,60,35000,1,4,No
264,"북구, 광주",35.175049,126.912287,2024-06-17 14:22:50.190194,60,20000,4,1,Yes
265,"수원시, 경기도",37.263573,127.028601,2024-06-06 16:18:15.021316,150,25000,2,4,Yes
266,"여수시, 전라남도",34.760407,127.662222,2024-05-30 17:00:14.321288,60,30000,4,1,Yes
267,"여수시, 전라남도",34.760407,127.662222,2024-06-03 23:24:03.729471,120,25000,1,2,No
268,"서산시, 충청남도",36.784517,126.450527,2024-05-30 08:51:56.628206,60,30000,6,3,Yes
269,"유성구, 대전",36.362675,127.356711,2024-06-06 15:38:51.032064,150,35000,5,4,Yes
270,"원주시, 강원도",37.342371,127.920162,2024-06-11 16:34:12.300718,150,35000,6,0,Yes
271,"중구, 울산",35.566295,129.347207,2024-06-02 10:53:42.358487,150,20000,6,1,No
272,"춘천시, 강원도",37.881315,127.729968,2024-05-30 08:42:16.161340,150,35000,2,4,Yes
273,"김해시, 경상남도",35.228516,128.889215,2024-06-13 10:26:56.356419,120,35000,2,2,No
274,"중구, 울산",35.566295,129.347207,2024-05-22 02:54:34.873503,90,30000,5,4,No
275,"성남시, 경기도",37.420058,127.126546,2024-05-21 08:26:41.796567,90,35000,3,4,No
276,"강남구, 서울",37.497175,127.027926,2024-06-15 13:27:31.510188,60,35000,6,4,Yes
277,"제천시, 충청북도",37.132647,128.191443,2024-06-10 22:31:08.761484,120,20000,3,4,Yes
278,"진주시, 경상남도",35.180188,128.107621,2024-06-12 10:59:03.980584,60,30000,2,2,No
279,"연수구, 인천",37.409843,126.67896,2024-05-30 15:20:15.770387,90,35000,1,0,Yes
280,"서산시, 충청남도",36.784517,126.450527,2024-05-22 08:27:12.450965,60,35000,6,0,Yes
281,"여수시, 전라남도",34.760407,127.662222,2024-05-26 04:35:00.645796,60,30000,6,2,No
282,"원주시, 강원도",37.342371,127.920162,2024-05-20 20:41:47.235160,90,25000,1,4,No
283,"구미시, 경상북도",36.119484,128.34457,2024-05-29 04:03:36.197520,150,20000,5,0,No
284,"경주시, 경상북도",35.85617,129.224748,2024-06-09 22:21:56.850520,150,35000,2,0,No
285,"천안시, 충청남도",36.815072,127.113893,2024-06-04 01:12:08.873283,150,30000,2,4,No
286,"중구, 대구",35.869407,128.600947,2024-06-08 09:57:13.283926,90,35000,3,2,Yes
287,"부평구, 인천",37.507342,126.721592,2024-06-15 20:43:49.876622,90,20000,1,0,Yes
288,"목포시, 전라남도",34.811835,126.392166,2024-06-10 06:19:15.591695,150,35000,4,2,Yes
289,"동구, 광주",35.146214,126.923445,2024-05-30 08:46:25.278198,150,30000,1,4,Yes
290,"송파구, 서울",37.514575,127.105999,2024-05-30 16:46:05.246415,60,20000,2,0,No
291,"송파구, 서울",37.514575,127.105999,2024-06-19 05:07:27.165026,150,25000,1,4,Yes
292,"수성구, 대구",35.858298,128.631849,2024-05-21 15:33:41.614977,120,35000,2,3,Yes
293,"종로구, 서울",37.57305,126.979189,2024-06-04 20:42:01.147408,90,25000,2,0,No
294,"남동구, 인천",37.447226,126.731292,2024-06-18 09:16:28.719300,90,35000,4,3,Yes
295,"원주시, 강원도",37.342371,127.920162,2024-06-04 02:58:01.241174,90,35000,1,0,No
296,"춘천시, 강원도",37.881315,127.729968,2024-06-02 23:28:44.163413,120,25000,2,2,No
297,"여수시, 전라남도",34.760407,127.662222,2024-06-07 20:14:11.543793,120,20000,5,3,Yes
298,"원주시, 강원도",37.342371,127.920162,2024-05-26 23:23:51.836830,150,25000,3,3,Yes
299,"강남구, 서울",37.497175,127.027926,2024-05-25 05:10:10.828051,60,25000,2,1,Yes
300,"여수시, 전라남도",34.760407,127.662222,2024-05-25 18:36:12.324159,90,35000,1,0,No
301,"성남시, 경기도",37.420058,127.126546,2024-05-28 08:35:06.000822,120,35000,6,2,Yes
302,"수원시, 경기도",37.263573,127.028601,2024-06-04 05:39:45.701326,150,20000,1,3,Yes
303,"충주시, 충청북도",36.990609,127.926264,2024-06-05 03:16:26.014671,150,35000,2,1,No
304,"수원시, 경기도",37.263573,127.028601,2024-05-26 01:04:10.779630,90,20000,2,4,No
305,"연수구, 인천",37.409843,126.67896,2024-06-03 01:32:43.528270,120,25000,3,4,No
306,"강릉시, 강원도",37.751853,128.876057,2024-06-01 16:21:48.113426,60,30000,2,3,Yes
307,"강남구, 서울",37.497175,127.027926,2024-05-24 03:41:38.263719,120,25000,1,2,No
308,"전주시, 전라북도",35.824224,127.147953,2024-05-27 03:43:30.811707,60,30000,4,1,No
309,"천안시, 충청남도",36.815072,127.113893,2024-06-17 03:31:30.512525,120,20000,4,4,Yes
310,"강릉시, 강원도",37.751853,128.876057,2024-05-29 09:12:02.271689,150,20000,3,0,Yes
311,"성남시, 경기도",37.420058,127.126546,2024-05-27 03:04:19.330517,60,30000,6,4,No
312,"연수구, 인천",37.409843,126.67896,2024-06-01 13:30:20.718621,90,20000,3,3,No
313,"구미시, 경상북도",36.119484,128.34457,2024-06-09 23:04:04.675319,60,30000,4,3,No
314,"원주시, 강원도",37.342371,127.920162,2024-06-05 00:59:08.360123,60,25000,5,3,No
315,"강릉시, 강원도",37.751853,128.876057,2024-06-14 20:12:39.026099,60,25000,6,3,Yes
316,"동구, 대구",35.885774,128.635718,2024-05-21 20:12:00.023936,150,25000,3,0,Yes
317,"중구, 대전",36.325693,127.419801,2024-06-08 09:33:23.576729,150,25000,5,1,No
318,"강릉시, 강원도",37.751853,128.876057,2024-06-15 06:32:34.741923,150,30000,2,1,No
319,"서구, 대전",36.355107,127.385541,2024-05-26 20:47:32.639159,120,20000,1,4,No
320,"서산시, 충청남도",36.784517,126.450527,2024-06-13 17:18:36.155175,90,20000,6,1,No
321,"익산시, 전라북도",35.950593,126.9571,2024-06-16 14:39:07.647586,120,35000,4,4,No
322,"원주시, 강원도",37.342371,127.920162,2024-06-10 16:46:55.840927,60,30000,6,3,No
323,"중구, 울산",35.566295,129.347207,2024-06-07 00:44:10.791038,120,30000,5,0,No
324,"여수시, 전라남도",34.760407,127.662222,2024-05-23 06:44:06.116208,120,20000,3,2,No
325,"유성구, 대전",36.362675,127.356711,2024-05-23 03:58:11.759967,60,35000,3,3,Yes
326,"여수시, 전라남도",34.760407,127.662222,2024-05-25 10:19:05.398079,150,20000,5,1,No
327,"익산시, 전라북도",35.950593,126.9571,2024-06-17 06:58:01.530296,120,35000,5,3,No
328,"수성구, 대구",35.858298,128.631849,2024-06-14 14:52:40.579671,90,25000,2,1,No
329,"진주시, 경상남도",35.180188,128.107621,2024-05-27 17:20:29.164877,150,25000,5,1,No
330,"원주시, 강원도",37.342371,127.920162,2024-05-22 05:28:09.651309,150,30000,3,4,Yes
331,"강릉시, 강원도",37.751853,128.876057,2024-05-31 17:31:11.842177,60,20000,1,1,No
332,"부평구, 인천",37.507342,126.721592,2024-06-13 20:47:22.334716,120,25000,3,1,No
333,"서구, 대전",36.355107,127.385541,2024-06-08 17:42:32.909503,120,25000,4,2,No
334,"남구, 울산",35.543799,129.324693,2024-06-18 15:27:20.542659,90,20000,3,3,Yes
335,"부평구, 인천",37.507342,126.721592,2024-05-24 14:11:15.892270,90,25000,2,3,Yes
336,"사하구, 부산",35.10467,128.96642,2024-06-19 10:07:41.846673,150,30000,3,4,Yes
337,"경주시, 경상북도",35.85617,129.224748,2024-06-08 18:48:14.593328,60,25000,1,0,Yes
338,"포항시, 경상북도",36.01906,129.343481,2024-06-13 19:50:07.701800,90,25000,1,3,Yes
339,"송파구, 서울",37.514575,127.105999,2024-06-12 01:49:28.611973,120,35000,3,3,Yes
340,"중구, 대전",36.325693,127.419801,2024-05-24 21:23:56.288042,120,25000,5,4,No
341,"해운대구, 부산",35.163236,129.163125,2024-05-29 16:54:57.496675,150,20000,6,3,Yes
342,"중구, 울산",35.566295,129.347207,2024-05-28 14:58:50.666823,60,20000,4,0,No
343,"유성구, 대전",36.362675,127.356711,2024-06-06 06:09:00.805188,90,20000,2,3,No
344,"서구, 광주",35.152998,126.89105,2024-06-09 13:24:35.066705,120,35000,1,4,Yes
345,"서구, 대전",36.355107,127.385541,2024-05-31 19:27:12.461794,90,25000,5,1,Yes
346,"창원시, 경상남도",35.227352,128.681391,2024-05-26 03:16:51.556645,120,20000,6,3,Yes
347,"포항시, 경상북도",36.01906,129.343481,2024-06-14 06:50:20.489345,90,30000,4,1,No
348,"익산시, 전라북도",35.950593,126.9571,2024-06-04 14:45:04.717885,60,30000,6,2,Yes
349,"서산시, 충청남도",36.784517,126.450527,2024-05-31 01:28:25.078487,120,30000,1,1,No
350,"북구, 광주",35.175049,126.912287,2024-06-03 00:49:34.973560,150,30000,2,4,Yes
351,"종로구, 서울",37.57305,126.979189,2024-06-09 17:41:00.000550,120,25000,3,0,Yes
352,"강릉시, 강원도",37.751853,128.876057,2024-06-18 08:11:18.062585,90,30000,2,4,Yes
353,"연수구, 인천",37.409843,126.67896,2024-05-31 10:07:48.627954,120,20000,5,0,No
354,"김해시, 경상남도",35.228516,128.889215,2024-05-24 22:53:50.986075,150,25000,1,0,Yes
355,"종로구, 서울",37.57305,126.979189,2024-06-03 12:09:03.591108,60,30000,3,4,No
356,"수성구, 대구",35.858298,128.631849,2024-05-28 21:04:56.175715,150,35000,4,1,Yes
357,"춘천시, 강원도",37.881315,127.729968,2024-05-31 11:25:38.633782,90,20000,6,3,Yes
358,"용인시, 경기도",37.241086,127.177553,2024-05-30 10:43:13.873409,120,30000,4,1,Yes
359,"연수구, 인천",37.409843,126.67896,2024-06-08 12:37:17.324251,150,25000,3,0,No
360,"사하구, 부산",35.10467,128.96642,2024-06-17 16:14:07.772682,150,35000,3,4,Yes
361,"용인시, 경기도",37.241086,127.177553,2024-06-09 01:51:51.691714,60,20000,2,2,Yes
362,"북구, 광주",35.175049,126.912287,2024-06-09 21:53:50.190530,120,20000,5,0,No
363,"포항시, 경상북도",36.01906,129.343481,2024-06-09 10:42:35.291535,150,35000,2,4,No
364,"중구, 대전",36.325693,127.419801,2024-06-15 12:15:42.638205,120,30000,6,1,Yes
365,"서산시, 충청남도",36.784517,126.450527,2024-06-06 15:31:45.191409,60,35000,5,1,No
366,"북구, 광주",35.175049,126.912287,2024-06-16 14:34:10.190417,90,25000,2,1,Yes
367,"동구, 광주",35.146214,126.923445,2024-06-15 06:06:45.638694,90,30000,1,3,No
368,"순천시, 전라남도",34.95057,127.487002,2024-05-25 10:15:33.177755,150,20000,1,4,Yes
369,"남동구, 인천",37.447226,126.731292,2024-06-14 00:41:38.908502,60,35000,4,2,No
370,"북구, 광주",35.175049,126.912287,2024-06-13 04:27:47.176482,150,35000,6,4,No
371,"목포시, 전라남도",34.811835,126.392166,2024-06-04 03:33:35.841774,150,20000,3,2,Yes
372,"순천시, 전라남도",34.95057,127.487002,2024-06-15 20:23:52.621074,150,25000,1,0,No
373,"전주시, 전라북도",35.824224,127.147953,2024-06-15 15:56:13.051399,120,20000,4,2,No
374,"사하구, 부산",35.10467,128.96642,2024-06-06 07:27:36.551707,150,30000,5,4,No
375,"종로구, 서울",37.57305,126.979189,2024-06-07 01:39:15.843694,90,30000,1,2,No
376,"서구, 대전",36.355107,127.385541,2024-05-20 18:38:48.886533,60,20000,5,3,No
377,"중구, 울산",35.566295,129.347207,2024-06-10 06:54:24.152703,90,20000,3,1,Yes
378,"중구, 울산",35.566295,129.347207,2024-06-17 10:26:48.231127,60,35000,6,3,Yes
379,"창원시, 경상남도",35.227352,128.681391,2024-05-23 03:14:12.279836,150,20000,5,0,No
380,"송파구, 서울",37.514575,127.105999,2024-06-12 16:24:55.752601,150,25000,5,2,Yes
381,"아산시, 충청남도",36.789839,127.004591,2024-06-19 00:45:01.045550,150,20000,3,3,Yes
382,"춘천시, 강원도",37.881315,127.729968,2024-06-17 23:21:30.043054,90,35000,3,2,Yes
383,"동구, 대구",35.885774,128.635718,2024-06-08 14:07:38.723900,150,20000,3,3,Yes
384,"중구, 대구",35.869407,128.600947,2024-06-13 15:19:58.540634,60,20000,6,1,No
385,"북구, 광주",35.175049,126.912287,2024-05-22 19:47:46.167099,60,20000,5,4,Yes
386,"성남시, 경기도",37.420058,127.126546,2024-05-25 10:08:08.385865,90,20000,1,1,No
387,"중구, 대전",36.325693,127.419801,2024-05-27 22:08:50.806523,150,25000,3,0,Yes
388,"순천시, 전라남도",34.95057,127.487002,2024-05-28 21:01:06.476704,90,20000,1,4,No
389,"중구, 울산",35.566295,129.347207,2024-05-25 22:03:28.777383,120,20000,3,3,Yes
390,"군산시, 전라북도",35.967035,126.736794,2024-06-18 02:28:59.026407,150,25000,4,1,Yes
391,"서구, 대전",36.355107,127.385541,2024-05-30 23:05:12.311713,60,35000,2,2,No
392,"강남구, 서울",37.497175,127.027926,2024-06-08 09:07:49.001865,150,35000,5,4,No
393,"북구, 광주",35.175049,126.912287,2024-06-13 23:42:01.262842,120,20000,5,2,No
394,"동구, 대구",35.885774,128.635718,2024-06-06 09:35:45.208888,120,25000,5,3,No
395,"김해시, 경상남도",35.228516,128.889215,2024-06-15 21:19:39.999316,90,20000,4,1,No
396,"군산시, 전라북도",35.967035,126.736794,2024-05-23 19:29:35.599801,120,30000,1,2,No
397,"종로구, 서울",37.57305,126.979189,2024-06-09 02:08:50.908004,90,25000,6,2,Yes
398,"북구, 광주",35.175049,126.912287,2024-06-08 10:34:15.126694,120,35000,1,4,No
399,"송파구, 서울",37.514575,127.105999,2024-06-17 02:07:00.292898,60,20000,1,2,No
400,"북구, 광주",35.175049,126.912287,2024-06-13 15:31:03.232775,60,25000,4,0,Yes
401,"해운대구, 부산",35.163236,129.163125,2024-05-21 13:07:47.688881,150,20000,4,3,No
402,"경주시, 경상북도",35.85617,129.224748,2024-06-15 04:56:34.830863,120,35000,1,1,No
403,"사하구, 부산",35.10467,128.96642,2024-06-01 06:57:13.475637,90,30000,3,2,No
404,"창원시, 경상남도",35.227352,128.681391,2024-05-26 14:44:37.297998,90,20000,6,1,Yes
405,"수성구, 대구",35.858298,128.631849,2024-06-17 15:05:56.524927,60,30000,3,1,No
406,"수성구, 대구",35.858298,128.631849,2024-06-18 14:44:59.381666,60,35000,2,1,Yes
407,"성남시, 경기도",37.420058,127.126546,2024-05-27 15:27:18.029371,120,30000,5,3,No
408,"익산시, 전라북도",35.950593,126.9571,2024-06-09 11:16:44.132547,90,30000,3,2,No
409,"전주시, 전라북도",35.824224,127.147953,2024-06-11 18:03:30.502478,90,20000,2,1,Yes
410,"아산시, 충청남도",36.789839,127.004591,2024-05-26 15:54:20.584511,120,35000,4,3,Yes
411,"익산시, 전라북도",35.950593,126.9571,2024-06-14 06:10:28.001076,90,20000,3,0,Yes
412,"중구, 울산",35.566295,129.347207,2024-06-15 15:49:46.243427,150,25000,6,0,No
413,"전주시, 전라북도",35.824224,127.147953,2024-06-04 21:00:13.962339,60,20000,3,4,No
414,"남동구, 인천",37.447226,126.731292,2024-06-03 20:53:46.399891,60,20000,3,1,Yes
415,"순천시, 전라남도",34.95057,127.487002,2024-05-22 09:22:56.221892,120,30000,6,0,No
416,"순천시, 전라남도",34.95057,127.487002,2024-06-09 21:05:13.110575,90,30000,3,1,No
417,"연수구, 인천",37.409843,126.67896,2024-05-28 13:24:36.517199,120,25000,5,2,No
418,"아산시, 충청남도",36.789839,127.004591,2024-06-06 09:23:39.862070,60,35000,1,4,No
419,"아산시, 충청남도",36.789839,127.004591,2024-06-12 17:13:19.664989,90,30000,3,3,No
420,"서구, 대전",36.355107,127.385541,2024-05-30 12:21:42.711542,60,30000,1,1,No
421,"포항시, 경상북도",36.01906,129.343481,2024-05-22 23:06:30.049118,60,25000,5,0,Yes
422,"구미시, 경상북도",36.119484,128.34457,2024-06-09 10:02:32.181418,60,30000,6,1,No
423,"청주시, 충청북도",36.642432,127.489031,2024-06-07 06:40:07.232018,60,25000,5,1,Yes
424,"천안시, 충청남도",36.815072,127.113893,2024-06-16 02:49:24.660232,120,35000,3,0,No
425,"김해시, 경상남도",35.228516,128.889215,2024-05-31 14:02:15.631871,120,25000,5,2,No
426,"수원시, 경기도",37.263573,127.028601,2024-06-15 20:10:08.790051,90,25000,3,1,Yes
427,"순천시, 전라남도",34.95057,127.487002,2024-06-01 01:31:05.212803,90,35000,2,1,Yes
428,"경주시, 경상북도",35.85617,129.224748,2024-06-03 04:11:37.670707,150,25000,1,3,No
429,"익산시, 전라북도",35.950593,126.9571,2024-05-24 01:25:39.903042,120,25000,6,0,No
430,"송파구, 서울",37.514575,127.105999,2024-06-12 13:23:55.100561,60,30000,6,2,Yes
431,"창원시, 경상남도",35.227352,128.681391,2024-05-21 11:18:53.309546,120,30000,4,0,No
432,"청주시, 충청북도",36.642432,127.489031,2024-06-04 15:55:55.075724,90,35000,1,0,No
433,"여수시, 전라남도",34.760407,127.662222,2024-06-02 01:29:39.343401,120,25000,3,1,No
434,"김해시, 경상남도",35.228516,128.889215,2024-05-23 21:48:01.214767,90,35000,2,0,Yes
435,"수성구, 대구",35.858298,128.631849,2024-06-02 12:14:03.537034,150,20000,4,1,Yes
436,"강릉시, 강원도",37.751853,128.876057,2024-06-02 11:29:45.399038,120,20000,3,4,Yes
437,"수원시, 경기도",37.263573,127.028601,2024-05-24 03:28:33.568105,60,35000,1,1,Yes
438,"동구, 광주",35.146214,126.923445,2024-05-29 06:46:02.021929,90,30000,1,2,Yes
439,"중구, 울산",35.566295,129.347207,2024-06-08 15:25:06.301569,60,25000,5,4,Yes
440,"충주시, 충청북도",36.990609,127.926264,2024-05-20 23:46:27.579842,90,20000,6,3,No
441,"중구, 울산",35.566295,129.347207,2024-05-28 08:58:31.680640,60,35000,3,0,No
442,"중구, 대구",35.869407,128.600947,2024-05-24 15:49:35.284672,120,35000,2,3,Yes
443,"용인시, 경기도",37.241086,127.177553,2024-06-15 06:03:04.457013,150,30000,3,3,Yes
444,"서구, 대전",36.355107,127.385541,2024-06-07 12:07:42.693623,120,20000,5,4,No
445,"중구, 울산",35.566295,129.347207,2024-05-29 09:18:54.977716,90,20000,6,0,Yes
446,"춘천시, 강원도",37.881315,127.729968,2024-06-14 16:49:32.399042,90,30000,4,1,Yes
447,"목포시, 전라남도",34.811835,126.392166,2024-05-30 16:57:26.150204,150,30000,6,1,No
448,"경주시, 경상북도",35.85617,129.224748,2024-06-15 07:30:40.792242,90,35000,1,3,Yes
449,"수영구, 부산",35.142998,129.11369,2024-06-09 13:19:53.049700,120,20000,2,3,Yes
450,"유성구, 대전",36.362675,127.356711,2024-05-28 15:34:19.705467,60,20000,5,0,Yes
451,"유성구, 대전",36.362675,127.356711,2024-06-01 05:19:37.464839,120,35000,1,0,No
452,"동구, 대구",35.885774,128.635718,2024-06-04 21:53:15.103980,60,20000,1,4,Yes
453,"강릉시, 강원도",37.751853,128.876057,2024-05-31 03:43:01.565487,120,25000,5,3,No
454,"경주시, 경상북도",35.85617,129.224748,2024-06-04 04:59:38.403669,60,25000,5,1,Yes
455,"중구, 울산",35.566295,129.347207,2024-05-22 23:45:41.666610,60,20000,4,2,Yes
456,"동구, 대구",35.885774,128.635718,2024-05-25 16:02:26.182493,120,35000,5,0,No
457,"송파구, 서울",37.514575,127.105999,2024-06-02 15:16:59.940572,90,25000,4,4,No
458,"춘천시, 강원도",37.881315,127.729968,2024-06-18 12:06:30.049546,150,30000,2,0,Yes
459,"목포시, 전라남도",34.811835,126.392166,2024-05-28 01:59:09.029666,150,25000,3,4,Yes
460,"충주시, 충청북도",36.990609,127.926264,2024-05-25 20:12:15.697204,60,35000,6,2,Yes
461,"남구, 울산",35.543799,129.324693,2024-05-26 14:24:15.776322,90,30000,3,1,No
462,"서구, 대전",36.355107,127.385541,2024-06-19 11:45:52.261198,60,30000,2,3,No
463,"성남시, 경기도",37.420058,127.126546,2024-05-30 03:08:55.866656,120,30000,2,3,No
464,"동구, 울산",35.482023,129.419159,2024-05-20 18:00:49.056421,150,25000,1,4,Yes
465,"충주시, 충청북도",36.990609,127.926264,2024-06-03 07:49:39.745576,120,30000,4,1,Yes
466,"익산시, 전라북도",35.950593,126.9571,2024-05-24 21:04:44.878314,90,35000,1,0,Yes
467,"제천시, 충청북도",37.132647,128.191443,2024-05-28 03:24:42.869592,120,35000,1,4,No
468,"서구, 광주",35.152998,126.89105,2024-05-28 06:08:18.714174,120,30000,2,3,Yes
469,"남동구, 인천",37.447226,126.731292,2024-05-25 07:13:57.365108,120,20000,4,3,No
470,"김해시, 경상남도",35.228516,128.889215,2024-05-22 12:45:15.000958,60,35000,5,2,No
471,"송파구, 서울",37.514575,127.105999,2024-05-30 17:55:52.336458,60,25000,4,3,Yes
472,"사하구, 부산",35.10467,128.96642,2024-06-01 00:23:05.755555,90,20000,1,2,Yes
473,"동구, 대구",35.885774,128.635718,2024-06-10 00:50:53.582954,90,35000,1,1,No
474,"남구, 울산",35.543799,129.324693,2024-06-04 23:32:51.826861,90,25000,6,4,Yes
475,"서구, 대전",36.355107,127.385541,2024-05-30 21:59:13.652768,60,25000,5,0,No
476,"수영구, 부산",35.142998,129.11369,2024-06-01 04:08:38.142684,150,20000,4,1,No
477,"구미시, 경상북도",36.119484,128.34457,2024-05-27 18:15:44.829691,60,20000,3,2,Yes
478,"강남구, 서울",37.497175,127.027926,2024-05-30 13:48:18.249048,150,30000,2,4,Yes
479,"용인시, 경기도",37.241086,127.177553,2024-06-18 17:53:33.162387,60,35000,2,4,No
480,"전주시, 전라북도",35.824224,127.147953,2024-05-23 08:00:12.162367,150,20000,5,0,No
481,"청주시, 충청북도",36.642432,127.489031,2024-05-24 12:04:30.419549,90,35000,2,4,No
482,"충주시, 충청북도",36.990609,127.926264,2024-06-14 05:01:17.195862,150,35000,5,4,Yes
483,"남동구, 인천",37.447226,126.731292,2024-05-21 00:57:20.389459,150,25000,6,0,Yes
484,"용인시, 경기도",37.241086,127.177553,2024-05-29 13:42:06.911375,60,20000,2,1,Yes
485,"수영구, 부산",35.142998,129.11369,2024-06-09 22:34:34.813897,90,20000,6,2,Yes
486,"중구, 울산",35.566295,129.347207,2024-05-26 18:34:55.995842,90,30000,2,0,Yes
487,"종로구, 서울",37.57305,126.979189,2024-06-08 15:07:38.583009,150,20000,6,3,Yes
488,"여수시, 전라남도",34.760407,127.662222,2024-06-05 21:36:54.971816,150,25000,1,4,No
489,"용인시, 경기도",37.241086,127.177553,2024-06-06 20:14:03.145593,150,35000,1,3,No
490,"제천시, 충청북도",37.132647,128.191443,2024-06-07 19:57:29.570227,150,35000,6,0,Yes
491,"유성구, 대전",36.362675,127.356711,2024-06-13 23:04:05.339575,150,20000,1,4,Yes
492,"아산시, 충청남도",36.789839,127.004591,2024-06-04 09:08:30.311429,60,35000,2,3,Yes
493,"창원시, 경상남도",35.227352,128.681391,2024-05-29 04:39:46.383968,150,25000,4,0,Yes
494,"서구, 광주",35.152998,126.89105,2024-05-30 20:53:27.714643,90,20000,6,4,Yes
495,"진주시, 경상남도",35.180188,128.107621,2024-05-31 05:11:26.699475,120,25000,6,1,Yes
496,"해운대구, 부산",35.163236,129.163125,2024-06-12 15:38:45.260834,120,25000,4,1,No
497,"수원시, 경기도",37.263573,127.028601,2024-06-18 05:07:47.517455,90,30000,6,2,No
498,"중구, 대구",35.869407,128.600947,2024-06-17 09:16:58.381664,120,20000,3,3,Yes
499,"송파구, 서울",37.514575,127.105999,2024-06-04 21:53:28.128920,90,30000,3,1,No
500,"동구, 광주",35.146214,126.923445,2024-06-03 21:51:17.119052,150,35000,4,3,No
501,"수영구, 부산",35.142998,129.11369,2024-06-06 07:35:12.759634,150,30000,1,0,No
502,"중구, 대전",36.325693,127.419801,2024-06-04 22:37:54.217050,150,35000,2,2,Yes
503,"동구, 울산",35.482023,129.419159,2024-05-22 04:57:52.802976,60,25000,4,1,Yes
504,"수영구, 부산",35.142998,129.11369,2024-06-09 06:58:05.849851,150,35000,6,1,No
505,"아산시, 충청남도",36.789839,127.004591,2024-06-12 09:09:40.899173,60,35000,2,0,Yes
506,"성남시, 경기도",37.420058,127.126546,2024-06-18 08:17:01.475987,150,30000,3,4,No
507,"강릉시, 강원도",37.751853,128.876057,2024-06-11 08:54:48.366325,60,30000,2,3,No
508,"서산시, 충청남도",36.784517,126.450527,2024-05-29 02:07:02.395890,90,20000,2,3,No
509,"수원시, 경기도",37.263573,127.028601,2024-06-12 20:01:57.398064,120,20000,5,3,Yes
510,"포항시, 경상북도",36.01906,129.343481,2024-06-10 17:19:02.347160,150,35000,3,3,Yes
511,"종로구, 서울",37.57305,126.979189,2024-06-16 06:57:58.842172,120,35000,3,3,Yes
512,"충주시, 충청북도",36.990609,127.926264,2024-06-10 18:49:37.425135,150,20000,4,1,Yes
513,"목포시, 전라남도",34.811835,126.392166,2024-06-01 16:01:38.083933,120,30000,6,2,Yes
514,"중구, 울산",35.566295,129.347207,2024-06-19 03:03:30.946126,150,35000,4,2,No
515,"중구, 대구",35.869407,128.600947,2024-06-01 23:13:23.795132,150,20000,5,1,Yes
516,"아산시, 충청남도",36.789839,127.004591,2024-05-23 09:34:03.086573,150,35000,3,4,Yes
517,"진주시, 경상남도",35.180188,128.107621,2024-05-30 13:18:03.725665,120,20000,4,4,Yes
518,"서구, 대전",36.355107,127.385541,2024-05-28 21:04:05.912404,150,20000,4,0,Yes
519,"강남구, 서울",37.497175,127.027926,2024-06-02 21:01:57.552745,150,20000,3,3,No
520,"경주시, 경상북도",35.85617,129.224748,2024-06-12 01:46:06.886006,90,20000,1,0,No
521,"창원시, 경상남도",35.227352,128.681391,2024-06-03 13:18:15.863847,150,30000,4,1,Yes
522,"서구, 대전",36.355107,127.385541,2024-05-26 05:19:33.884314,60,20000,4,2,No
523,"청주시, 충청북도",36.642432,127.489031,2024-06-11 01:32:53.548856,90,35000,4,0,Yes
524,"군산시, 전라북도",35.967035,126.736794,2024-06-09 17:02:16.481941,90,35000,6,2,Yes
525,"경주시, 경상북도",35.85617,129.224748,2024-06-03 07:56:36.520707,60,35000,2,2,Yes
526,"유성구, 대전",36.362675,127.356711,2024-06-01 23:38:13.181901,120,35000,2,4,No
527,"수원시, 경기도",37.263573,127.028601,2024-05-21 11:21:47.015142,60,30000,3,4,Yes
528,"원주시, 강원도",37.342371,127.920162,2024-06-19 13:42:11.501004,60,30000,4,4,No
529,"동구, 광주",35.146214,126.923445,2024-05-22 16:01:44.114061,120,25000,4,4,Yes
530,"김해시, 경상남도",35.228516,128.889215,2024-05-30 12:07:43.936319,90,30000,6,4,Yes
531,"동구, 울산",35.482023,129.419159,2024-06-09 17:46:08.138369,120,25000,3,2,Yes
532,"유성구, 대전",36.362675,127.356711,2024-06-04 02:31:13.778999,60,20000,3,1,Yes
533,"전주시, 전라북도",35.824224,127.147953,2024-06-01 02:05:20.023687,60,20000,5,2,Yes
534,"서산시, 충청남도",36.784517,126.450527,2024-06-03 05:35:23.654660,150,30000,1,3,Yes
535,"순천시, 전라남도",34.95057,127.487002,2024-06-12 02:57:30.232614,90,20000,6,0,Yes
536,"남동구, 인천",37.447226,126.731292,2024-06-06 14:25:05.061734,60,35000,3,4,No
537,"강릉시, 강원도",37.751853,128.876057,2024-06-15 06:17:40.167028,150,25000,3,1,No
538,"중구, 대구",35.869407,128.600947,2024-06-12 19:51:15.437260,90,30000,2,4,No
539,"용인시, 경기도",37.241086,127.177553,2024-06-16 06:49:59.610193,60,30000,4,4,Yes
540,"수원시, 경기도",37.263573,127.028601,2024-06-16 05:01:32.927778,90,25000,6,0,Yes
541,"강릉시, 강원도",37.751853,128.876057,2024-06-14 23:21:53.878387,90,30000,4,2,Yes
542,"순천시, 전라남도",34.95057,127.487002,2024-06-12 09:40:00.758595,60,30000,4,0,No
543,"서구, 대전",36.355107,127.385541,2024-05-30 09:26:10.127565,60,35000,5,3,Yes
544,"청주시, 충청북도",36.642432,127.489031,2024-05-25 07:57:23.270760,150,30000,3,0,No
545,"춘천시, 강원도",37.881315,127.729968,2024-05-21 20:13:37.775217,60,25000,5,3,Yes
546,"중구, 대구",35.869407,128.600947,2024-06-14 23:26:54.848492,60,20000,1,1,No
547,"익산시, 전라북도",35.950593,126.9571,2024-06-05 08:08:08.175766,120,25000,5,1,Yes
548,"경주시, 경상북도",35.85617,129.224748,2024-06-03 02:02:26.499410,150,25000,2,2,No
549,"성남시, 경기도",37.420058,127.126546,2024-06-17 09:33:55.685923,90,20000,5,2,No
550,"강릉시, 강원도",37.751853,128.876057,2024-05-20 16:47:55.188980,60,20000,2,4,Yes
551,"김해시, 경상남도",35.228516,128.889215,2024-06-06 16:28:26.444418,60,25000,6,0,No
552,"수성구, 대구",35.858298,128.631849,2024-05-26 09:10:45.201627,60,35000,2,0,No
553,"목포시, 전라남도",34.811835,126.392166,2024-05-26 02:24:58.000575,60,35000,4,2,Yes
554,"강남구, 서울",37.497175,127.027926,2024-05-28 22:49:32.237301,150,20000,1,4,Yes
555,"아산시, 충청남도",36.789839,127.004591,2024-05-23 14:17:59.017753,150,20000,5,1,No
556,"포항시, 경상북도",36.01906,129.343481,2024-06-03 15:47:49.927097,120,35000,3,1,No
557,"남동구, 인천",37.447226,126.731292,2024-06-08 08:21:58.255664,120,35000,3,4,Yes
558,"서산시, 충청남도",36.784517,126.450527,2024-06-14 16:20:19.065189,150,25000,1,0,Yes
559,"충주시, 충청북도",36.990609,127.926264,2024-06-01 18:39:44.833492,150,20000,5,3,No
560,"중구, 대전",36.325693,127.419801,2024-06-14 14:24:36.219393,90,25000,4,4,No
561,"포항시, 경상북도",36.01906,129.343481,2024-06-03 19:20:58.873484,150,25000,3,4,No
562,"해운대구, 부산",35.163236,129.163125,2024-05-26 16:13:52.756785,60,30000,5,4,Yes
563,"경주시, 경상북도",35.85617,129.224748,2024-05-26 17:03:35.171752,90,20000,1,4,No
564,"사하구, 부산",35.10467,128.96642,2024-06-07 09:14:24.065715,60,30000,2,2,Yes
565,"서구, 대전",36.355107,127.385541,2024-06-07 16:35:01.859756,60,25000,1,3,Yes
566,"포항시, 경상북도",36.01906,129.343481,2024-05-29 21:38:15.811396,150,35000,6,1,No
567,"서구, 광주",35.152998,126.89105,2024-06-18 04:32:45.839025,150,35000,4,1,No
568,"김해시, 경상남도",35.228516,128.889215,2024-05-31 21:51:31.951029,90,20000,5,0,Yes
569,"수영구, 부산",35.142998,129.11369,2024-05-21 07:06:50.567510,120,25000,1,3,Yes
570,"사하구, 부산",35.10467,128.96642,2024-06-07 08:19:04.232108,60,30000,2,0,No
571,"구미시, 경상북도",36.119484,128.34457,2024-06-13 22:43:47.200262,120,30000,1,1,No
572,"종로구, 서울",37.57305,126.979189,2024-06-10 01:31:54.238758,120,30000,5,1,Yes
573,"아산시, 충청남도",36.789839,127.004591,2024-06-07 18:56:01.278402,150,35000,3,1,No
574,"성남시, 경기도",37.420058,127.126546,2024-06-05 05:00:11.764297,120,35000,5,2,Yes
575,"포항시, 경상북도",36.01906,129.343481,2024-06-10 16:15:47.285388,60,25000,1,2,Yes
576,"강남구, 서울",37.497175,127.027926,2024-06-18 00:17:47.388226,90,20000,4,1,No
577,"익산시, 전라북도",35.950593,126.9571,2024-06-18 23:55:50.759891,120,20000,3,3,Yes
578,"강릉시, 강원도",37.751853,128.876057,2024-06-10 07:09:17.144502,90,25000,5,1,Yes
579,"서구, 광주",35.152998,126.89105,2024-06-05 18:55:01.092954,150,35000,4,3,Yes
580,"김해시, 경상남도",35.228516,128.889215,2024-06-18 00:35:11.171731,120,35000,1,1,No
581,"천안시, 충청남도",36.815072,127.113893,2024-06-15 10:48:27.835040,120,30000,3,3,Yes
582,"충주시, 충청북도",36.990609,127.926264,2024-05-30 14:25:19.664231,90,30000,1,2,Yes
583,"목포시, 전라남도",34.811835,126.392166,2024-05-30 02:44:54.565425,150,30000,6,4,Yes
584,"진주시, 경상남도",35.180188,128.107621,2024-06-03 13:07:12.470996,120,25000,6,2,Yes
585,"춘천시, 강원도",37.881315,127.729968,2024-06-02 23:50:00.907081,120,35000,1,0,No
586,"서산시, 충청남도",36.784517,126.450527,2024-05-25 12:00:27.315109,60,35000,2,0,Yes
587,"진주시, 경상남도",35.180188,128.107621,2024-06-02 17:14:57.358210,60,35000,5,1,No
588,"아산시, 충청남도",36.789839,127.004591,2024-05-27 14:48:42.616680,90,30000,6,1,No
589,"사하구, 부산",35.10467,128.96642,2024-06-12 21:49:44.625441,120,30000,5,0,Yes
590,"수영구, 부산",35.142998,129.11369,2024-06-09 02:43:59.191366,150,20000,2,3,No
591,"익산시, 전라북도",35.950593,126.9571,2024-06-09 14:54:19.471146,150,35000,6,4,Yes
592,"창원시, 경상남도",35.227352,128.681391,2024-05-24 13:38:22.278256,120,25000,3,1,No
593,"남구, 울산",35.543799,129.324693,2024-05-28 01:55:57.502424,90,30000,2,2,Yes
594,"진주시, 경상남도",35.180188,128.107621,2024-06-13 21:35:17.191781,90,35000,6,2,Yes
595,"중구, 대구",35.869407,128.600947,2024-05-30 01:40:02.755510,60,25000,5,0,Yes
596,"서구, 광주",35.152998,126.89105,2024-06-04 14:37:59.955577,60,25000,2,2,Yes
597,"포항시, 경상북도",36.01906,129.343481,2024-06-03 07:37:57.131810,60,30000,6,0,Yes
598,"강남구, 서울",37.497175,127.027926,2024-06-15 03:25:24.829684,90,35000,4,1,No
599,"북구, 광주",35.175049,126.912287,2024-06-18 17:10:42.789766,60,30000,5,4,No
600,"서구, 광주",35.152998,126.89105,2024-05-23 19:00:34.090478,90,30000,1,0,Yes
601,"남구, 울산",35.543799,129.324693,2024-06-09 03:55:55.439319,90,25000,1,1,No
602,"여수시, 전라남도",34.760407,127.662222,2024-05-22 22:41:11.683793,120,35000,2,2,Yes
603,"김해시, 경상남도",35.228516,128.889215,2024-06-18 10:24:32.797478,150,25000,1,4,Yes
604,"중구, 대구",35.869407,128.600947,2024-06-06 21:07:09.806448,90,35000,6,3,Yes
605,"천안시, 충청남도",36.815072,127.113893,2024-06-17 16:53:38.528342,60,35000,2,4,No
606,"서구, 광주",35.152998,126.89105,2024-05-25 02:43:21.264416,90,35000,4,4,No
607,"천안시, 충청남도",36.815072,127.113893,2024-05-31 11:45:27.124470,90,30000,5,4,Yes
608,"원주시, 강원도",37.342371,127.920162,2024-06-10 03:03:07.274070,90,20000,3,1,Yes
609,"사하구, 부산",35.10467,128.96642,2024-06-15 04:22:01.607719,120,20000,2,1,Yes
610,"여수시, 전라남도",34.760407,127.662222,2024-05-23 07:35:28.940834,60,25000,1,2,Yes
611,"송파구, 서울",37.514575,127.105999,2024-06-07 07:03:09.222282,120,25000,2,4,Yes
612,"성남시, 경기도",37.420058,127.126546,2024-06-02 07:38:16.542777,150,30000,3,0,No
613,"중구, 대구",35.869407,128.600947,2024-06-01 22:33:57.235643,90,20000,5,2,Yes
614,"아산시, 충청남도",36.789839,127.004591,2024-05-28 06:15:20.957675,90,30000,3,2,Yes
615,"아산시, 충청남도",36.789839,127.004591,2024-05-31 05:39:54.148657,60,25000,4,2,Yes
616,"남구, 울산",35.543799,129.324693,2024-05-27 13:33:58.433127,150,35000,4,3,No
617,"중구, 대전",36.325693,127.419801,2024-06-07 09:26:22.457233,90,35000,1,4,Yes
618,"종로구, 서울",37.57305,126.979189,2024-06-19 04:36:44.284482,120,35000,3,4,No
619,"수원시, 경기도",37.263573,127.028601,2024-05-27 05:25:02.944384,150,35000,5,1,No
620,"중구, 대구",35.869407,128.600947,2024-06-04 00:55:15.300304,60,25000,5,1,No
621,"수영구, 부산",35.142998,129.11369,2024-05-31 02:53:39.124842,90,25000,5,0,No
622,"청주시, 충청북도",36.642432,127.489031,2024-06-04 09:09:17.979127,90,20000,6,0,Yes
623,"창원시, 경상남도",35.227352,128.681391,2024-05-28 13:19:21.799163,90,25000,3,2,No
624,"서구, 광주",35.152998,126.89105,2024-05-30 09:11:07.181652,120,30000,6,3,No
625,"남구, 울산",35.543799,129.324693,2024-05-23 03:15:43.673180,120,25000,5,3,Yes
626,"경주시, 경상북도",35.85617,129.224748,2024-06-19 12:14:26.165598,90,20000,1,2,Yes
627,"연수구, 인천",37.409843,126.67896,2024-06-06 13:13:48.652794,60,35000,4,0,No
628,"강남구, 서울",37.497175,127.027926,2024-05-22 03:43:58.524209,60,25000,6,3,No
629,"구미시, 경상북도",36.119484,128.34457,2024-06-10 06:16:02.705154,120,25000,3,1,Yes
630,"유성구, 대전",36.362675,127.356711,2024-05-24 06:00:39.862156,120,30000,4,1,No
631,"사하구, 부산",35.10467,128.96642,2024-06-16 23:09:25.825936,120,35000,5,0,No
632,"동구, 대구",35.885774,128.635718,2024-05-24 18:05:00.386591,150,35000,5,3,Yes
633,"송파구, 서울",37.514575,127.105999,2024-06-01 23:43:21.501920,120,25000,1,2,Yes
634,"중구, 울산",35.566295,129.347207,2024-06-10 12:11:14.866050,120,25000,1,1,No
635,"남동구, 인천",37.447226,126.731292,2024-06-14 06:14:57.660687,60,30000,2,2,Yes
636,"구미시, 경상북도",36.119484,128.34457,2024-06-15 01:50:26.410683,90,20000,2,4,Yes
637,"수성구, 대구",35.858298,128.631849,2024-06-15 02:17:55.611132,60,25000,2,3,Yes
638,"서구, 대전",36.355107,127.385541,2024-06-02 18:10:28.288542,120,35000,3,0,No
639,"용인시, 경기도",37.241086,127.177553,2024-06-08 08:50:56.215372,90,35000,1,0,No
640,"남동구, 인천",37.447226,126.731292,2024-05-30 11:20:17.956896,90,30000,3,0,No
641,"여수시, 전라남도",34.760407,127.662222,2024-06-12 15:32:04.386164,60,20000,5,0,Yes
642,"유성구, 대전",36.362675,127.356711,2024-05-22 09:21:49.543799,120,25000,1,4,Yes
643,"중구, 울산",35.566295,129.347207,2024-05-22 02:06:11.253330,150,25000,4,2,No
644,"원주시, 강원도",37.342371,127.920162,2024-05-24 19:06:17.455415,60,35000,1,2,No
645,"동구, 광주",35.146214,126.923445,2024-06-02 04:32:42.687885,60,35000,6,1,No
646,"전주시, 전라북도",35.824224,127.147953,2024-06-05 15:43:24.679843,90,20000,4,3,Yes
647,"북구, 광주",35.175049,126.912287,2024-05-24 18:21:54.424359,150,25000,5,3,Yes
648,"진주시, 경상남도",35.180188,128.107621,2024-06-03 02:58:18.623962,90,25000,2,0,No
649,"목포시, 전라남도",34.811835,126.392166,2024-05-26 11:08:51.643013,60,30000,1,4,Yes
650,"구미시, 경상북도",36.119484,128.34457,2024-06-18 08:13:55.658441,90,25000,2,4,No
651,"아산시, 충청남도",36.789839,127.004591,2024-05-29 07:01:09.460070,90,20000,6,1,No
652,"전주시, 전라북도",35.824224,127.147953,2024-05-21 03:51:23.253549,150,25000,5,4,No
653,"남동구, 인천",37.447226,126.731292,2024-05-25 15:52:33.262386,90,35000,6,0,No
654,"부평구, 인천",37.507342,126.721592,2024-06-07 01:30:48.170818,150,30000,4,1,No
655,"진주시, 경상남도",35.180188,128.107621,2024-06-14 00:29:18.204646,60,30000,5,2,No
656,"수원시, 경기도",37.263573,127.028601,2024-05-28 11:42:41.088241,120,35000,4,1,No
657,"중구, 대구",35.869407,128.600947,2024-05-31 19:01:05.173916,60,25000,1,3,Yes
658,"북구, 광주",35.175049,126.912287,2024-05-31 04:07:02.340529,150,20000,4,4,Yes
659,"김해시, 경상남도",35.228516,128.889215,2024-06-05 15:40:17.625690,150,35000,5,2,No
660,"포항시, 경상북도",36.01906,129.343481,2024-05-25 18:06:17.967795,150,20000,6,3,Yes
661,"여수시, 전라남도",34.760407,127.662222,2024-06-06 08:03:02.340089,90,20000,6,4,No
662,"연수구, 인천",37.409843,126.67896,2024-05-21 06:31:18.853488,120,25000,1,3,Yes
663,"강남구, 서울",37.497175,127.027926,2024-06-09 10:11:13.640676,120,20000,2,3,No
664,"전주시, 전라북도",35.824224,127.147953,2024-05-29 19:38:23.505599,120,30000,5,0,Yes
665,"부평구, 인천",37.507342,126.721592,2024-05-24 08:43:45.865874,60,20000,3,2,No
666,"강남구, 서울",37.497175,127.027926,2024-05-26 07:00:03.965668,150,30000,1,1,No
667,"진주시, 경상남도",35.180188,128.107621,2024-06-05 05:47:41.368235,120,20000,3,0,No
668,"서구, 광주",35.152998,126.89105,2024-06-05 10:30:44.161165,90,35000,6,2,Yes
669,"동구, 울산",35.482023,129.419159,2024-06-09 01:26:34.291143,120,20000,4,2,Yes
670,"전주시, 전라북도",35.824224,127.147953,2024-05-23 09:02:35.855157,120,35000,5,3,No
671,"구미시, 경상북도",36.119484,128.34457,2024-05-29 03:08:30.593930,90,30000,5,4,Yes
672,"서구, 광주",35.152998,126.89105,2024-06-18 20:14:46.918307,120,25000,3,2,No
673,"강릉시, 강원도",37.751853,128.876057,2024-06-05 06:26:33.402904,90,20000,3,0,Yes
674,"경주시, 경상북도",35.85617,129.224748,2024-06-07 02:58:15.579660,60,35000,5,1,Yes
675,"동구, 광주",35.146214,126.923445,2024-06-17 03:53:41.754456,120,25000,5,0,No
676,"종로구, 서울",37.57305,126.979189,2024-06-19 15:50:27.900101,90,25000,4,4,Yes
677,"김해시, 경상남도",35.228516,128.889215,2024-05-26 17:04:19.251395,90,30000,1,1,Yes
678,"아산시, 충청남도",36.789839,127.004591,2024-06-05 21:25:59.778940,150,35000,6,1,Yes
679,"종로구, 서울",37.57305,126.979189,2024-06-11 09:37:27.869854,150,30000,1,0,No
680,"원주시, 강원도",37.342371,127.920162,2024-06-19 03:37:12.687714,90,20000,1,2,Yes
681,"서구, 대전",36.355107,127.385541,2024-06-16 10:28:08.803187,120,30000,3,3,Yes
682,"전주시, 전라북도",35.824224,127.147953,2024-06-04 06:27:21.104860,120,25000,6,1,Yes
683,"진주시, 경상남도",35.180188,128.107621,2024-06-07 05:54:08.015072,60,25000,4,4,Yes
684,"익산시, 전라북도",35.950593,126.9571,2024-06-09 23:57:38.181652,60,30000,6,1,Yes
685,"종로구, 서울",37.57305,126.979189,2024-06-03 09:44:48.526165,60,35000,2,4,No
686,"종로구, 서울",37.57305,126.979189,2024-05-24 11:05:26.733839,150,20000,3,2,Yes
687,"동구, 대구",35.885774,128.635718,2024-06-06 00:51:24.732235,90,30000,1,2,Yes
688,"서구, 광주",35.152998,126.89105,2024-05-31 14:57:11.715932,60,30000,5,1,Yes
689,"중구, 대구",35.869407,128.600947,2024-05-29 05:44:10.546988,120,35000,1,2,Yes
690,"경주시, 경상북도",35.85617,129.224748,2024-05-30 00:51:23.535064,150,30000,4,2,Yes
691,"동구, 대구",35.885774,128.635718,2024-06-18 07:09:10.367427,60,20000,6,2,Yes
692,"충주시, 충청북도",36.990609,127.926264,2024-05-23 10:51:33.167905,90,20000,3,4,No
693,"수영구, 부산",35.142998,129.11369,2024-05-22 15:17:24.505435,120,20000,4,4,Yes
694,"남구, 울산",35.543799,129.324693,2024-06-17 15:14:06.017998,90,30000,4,1,No
695,"중구, 대구",35.869407,128.600947,2024-06-18 22:16:14.316729,60,20000,3,4,No
696,"송파구, 서울",37.514575,127.105999,2024-06-17 01:18:29.420589,150,30000,4,0,Yes
697,"진주시, 경상남도",35.180188,128.107621,2024-06-19 11:38:05.234485,120,35000,3,2,No
698,"춘천시, 강원도",37.881315,127.729968,2024-05-28 18:13:42.295544,150,20000,2,2,No
699,"유성구, 대전",36.362675,127.356711,2024-05-31 17:50:25.702184,90,25000,1,1,No
700,"순천시, 전라남도",34.95057,127.487002,2024-06-18 01:32:36.239563,120,25000,4,1,Yes
701,"부평구, 인천",37.507342,126.721592,2024-06-18 20:44:08.671497,90,20000,3,3,No
702,"유성구, 대전",36.362675,127.356711,2024-06-15 18:40:52.686664,60,30000,5,3,Yes
703,"서구, 광주",35.152998,126.89105,2024-06-07 07:02:12.956312,60,30000,1,4,Yes
704,"강남구, 서울",37.497175,127.027926,2024-06-12 03:02:13.837615,60,35000,6,0,No
705,"천안시, 충청남도",36.815072,127.113893,2024-06-10 11:00:43.707572,90,35000,5,3,Yes
706,"북구, 광주",35.175049,126.912287,2024-06-10 22:23:30.382534,60,30000,6,3,No
707,"유성구, 대전",36.362675,127.356711,2024-05-29 15:12:00.415673,120,35000,6,0,Yes
708,"구미시, 경상북도",36.119484,128.34457,2024-05-30 04:58:31.679470,150,35000,3,4,Yes
709,"김해시, 경상남도",35.228516,128.889215,2024-06-08 01:07:24.073172,60,35000,6,0,Yes
710,"연수구, 인천",37.409843,126.67896,2024-06-16 03:41:37.793458,60,30000,4,0,Yes
711,"김해시, 경상남도",35.228516,128.889215,2024-06-13 20:07:04.041847,90,25000,1,2,Yes
712,"포항시, 경상북도",36.01906,129.343481,2024-06-07 11:49:35.813471,120,35000,4,4,No
713,"아산시, 충청남도",36.789839,127.004591,2024-06-04 10:59:35.289599,60,35000,6,1,No
714,"사하구, 부산",35.10467,128.96642,2024-06-10 06:48:57.185846,90,25000,5,0,Yes
715,"전주시, 전라북도",35.824224,127.147953,2024-06-17 21:52:51.791125,60,30000,3,1,No
716,"서산시, 충청남도",36.784517,126.450527,2024-05-30 19:29:34.059898,60,30000,3,2,Yes
717,"수영구, 부산",35.142998,129.11369,2024-05-24 16:10:51.154813,150,35000,4,3,No
718,"경주시, 경상북도",35.85617,129.224748,2024-06-14 02:55:52.448233,60,30000,1,0,No
719,"강릉시, 강원도",37.751853,128.876057,2024-06-05 03:10:16.234555,60,20000,3,0,Yes
720,"수영구, 부산",35.142998,129.11369,2024-05-23 17:23:05.354878,90,35000,5,4,Yes
721,"연수구, 인천",37.409843,126.67896,2024-06-06 09:13:00.955966,90,35000,2,2,Yes
722,"천안시, 충청남도",36.815072,127.113893,2024-06-15 01:36:55.966836,150,25000,4,3,No
723,"종로구, 서울",37.57305,126.979189,2024-06-14 09:56:59.496686,120,20000,1,2,No
724,"서구, 광주",35.152998,126.89105,2024-05-24 05:36:27.131674,90,20000,6,4,No
725,"춘천시, 강원도",37.881315,127.729968,2024-05-28 12:57:17.149315,150,25000,5,1,Yes
726,"송파구, 서울",37.514575,127.105999,2024-05-21 08:24:56.914131,90,35000,1,1,No
727,"동구, 울산",35.482023,129.419159,2024-05-24 20:16:00.834952,60,35000,6,1,Yes
728,"서산시, 충청남도",36.784517,126.450527,2024-05-30 16:42:46.564958,90,25000,3,1,Yes
729,"동구, 대구",35.885774,128.635718,2024-06-04 19:52:12.205650,90,30000,2,1,Yes
730,"아산시, 충청남도",36.789839,127.004591,2024-06-03 02:01:37.011806,120,20000,1,4,Yes
731,"익산시, 전라북도",35.950593,126.9571,2024-05-22 15:34:06.695772,150,35000,6,0,Yes
732,"송파구, 서울",37.514575,127.105999,2024-05-23 12:54:57.681168,90,35000,1,2,No
733,"동구, 울산",35.482023,129.419159,2024-06-08 09:52:55.144073,120,35000,6,2,No
734,"경주시, 경상북도",35.85617,129.224748,2024-06-04 10:33:00.804603,60,20000,6,2,No
735,"목포시, 전라남도",34.811835,126.392166,2024-05-24 04:26:57.274293,60,20000,6,2,Yes
736,"사하구, 부산",35.10467,128.96642,2024-05-28 14:39:30.408263,60,35000,1,1,No
737,"군산시, 전라북도",35.967035,126.736794,2024-06-04 17:18:07.405142,150,25000,1,4,No
738,"사하구, 부산",35.10467,128.96642,2024-06-12 06:53:33.425716,90,25000,4,3,No
739,"유성구, 대전",36.362675,127.356711,2024-06-12 01:08:56.839432,150,25000,5,3,Yes
740,"종로구, 서울",37.57305,126.979189,2024-06-04 18:00:17.918150,120,30000,2,4,Yes
741,"유성구, 대전",36.362675,127.356711,2024-06-12 10:06:53.317305,90,25000,5,1,Yes
742,"천안시, 충청남도",36.815072,127.113893,2024-05-23 08:24:54.690235,120,25000,5,0,No
743,"수영구, 부산",35.142998,129.11369,2024-06-19 15:48:02.491446,150,35000,1,3,Yes
744,"전주시, 전라북도",35.824224,127.147953,2024-05-27 09:11:45.835705,60,35000,2,2,No
745,"서산시, 충청남도",36.784517,126.450527,2024-06-06 02:19:45.535046,60,20000,5,1,No
746,"강남구, 서울",37.497175,127.027926,2024-06-19 11:47:27.941560,150,30000,4,4,No
747,"익산시, 전라북도",35.950593,126.9571,2024-06-03 19:19:47.729808,90,20000,5,2,No
748,"서구, 광주",35.152998,126.89105,2024-06-12 10:37:22.940128,120,20000,2,3,Yes
749,"구미시, 경상북도",36.119484,128.34457,2024-06-12 00:21:24.684787,90,20000,5,3,No
750,"강남구, 서울",37.497175,127.027926,2024-06-15 11:20:11.613847,60,30000,5,4,Yes
751,"동구, 광주",35.146214,126.923445,2024-05-25 04:23:49.104090,60,35000,5,1,No
752,"창원시, 경상남도",35.227352,128.681391,2024-06-05 09:11:30.695765,90,25000,6,3,No
753,"군산시, 전라북도",35.967035,126.736794,2024-05-28 03:17:28.481923,90,25000,5,4,Yes
754,"동구, 광주",35.146214,126.923445,2024-05-29 16:12:55.133854,60,25000,5,1,No
755,"목포시, 전라남도",34.811835,126.392166,2024-06-03 14:46:55.323422,120,20000,4,0,No
756,"수원시, 경기도",37.263573,127.028601,2024-05-28 10:55:36.979576,60,20000,4,2,Yes
757,"용인시, 경기도",37.241086,127.177553,2024-05-20 21:07:40.936674,60,20000,2,3,Yes
758,"전주시, 전라북도",35.824224,127.147953,2024-06-05 03:06:31.819623,120,35000,6,2,Yes
759,"군산시, 전라북도",35.967035,126.736794,2024-06-10 05:28:46.005006,60,30000,6,2,Yes
760,"서구, 대전",36.355107,127.385541,2024-05-21 00:13:08.648610,150,20000,1,4,Yes
761,"수원시, 경기도",37.263573,127.028601,2024-06-06 00:34:11.161206,150,35000,1,0,Yes
762,"원주시, 강원도",37.342371,127.920162,2024-05-31 01:59:09.472785,90,30000,3,1,Yes
763,"사하구, 부산",35.10467,128.96642,2024-06-07 02:30:25.368491,150,35000,1,4,No
764,"연수구, 인천",37.409843,126.67896,2024-06-04 07:14:43.338822,90,25000,6,0,Yes
765,"중구, 울산",35.566295,129.347207,2024-06-19 13:36:48.522330,150,30000,3,4,No
766,"중구, 대전",36.325693,127.419801,2024-06-19 13:05:07.815148,90,25000,6,3,No
767,"서구, 광주",35.152998,126.89105,2024-06-18 10:31:49.122486,150,35000,2,3,Yes
768,"사하구, 부산",35.10467,128.96642,2024-06-12 11:11:42.176285,60,20000,5,1,Yes
769,"서산시, 충청남도",36.784517,126.450527,2024-05-26 19:53:37.681392,150,20000,5,3,Yes
770,"중구, 울산",35.566295,129.347207,2024-06-18 02:06:26.318211,150,20000,2,1,Yes
771,"동구, 대구",35.885774,128.635718,2024-06-12 12:25:47.967927,90,30000,5,3,Yes
772,"충주시, 충청북도",36.990609,127.926264,2024-05-21 05:21:11.950963,150,20000,4,4,No
773,"수영구, 부산",35.142998,129.11369,2024-05-26 00:32:58.040321,120,35000,5,2,No
774,"목포시, 전라남도",34.811835,126.392166,2024-06-18 08:34:00.930334,90,25000,6,4,Yes
775,"사하구, 부산",35.10467,128.96642,2024-05-29 08:09:33.473098,120,25000,5,3,Yes
776,"수영구, 부산",35.142998,129.11369,2024-06-07 23:48:35.398934,90,20000,2,4,No
777,"제천시, 충청북도",37.132647,128.191443,2024-06-11 13:02:23.628726,90,25000,1,4,Yes
778,"김해시, 경상남도",35.228516,128.889215,2024-05-22 06:54:50.505679,150,25000,1,2,No
779,"군산시, 전라북도",35.967035,126.736794,2024-06-04 11:14:14.765252,120,25000,1,0,Yes
780,"천안시, 충청남도",36.815072,127.113893,2024-06-12 14:54:18.735969,90,30000,6,4,Yes
781,"유성구, 대전",36.362675,127.356711,2024-05-25 14:50:47.494493,90,20000,2,3,Yes
782,"서구, 대전",36.355107,127.385541,2024-06-07 17:38:22.951602,150,25000,3,1,No
783,"진주시, 경상남도",35.180188,128.107621,2024-06-11 18:43:31.145713,120,20000,6,0,Yes
784,"유성구, 대전",36.362675,127.356711,2024-06-17 16:03:18.915305,90,30000,1,3,No
785,"용인시, 경기도",37.241086,127.177553,2024-06-15 06:59:14.337330,90,25000,3,3,No
786,"동구, 광주",35.146214,126.923445,2024-06-02 07:11:48.825509,90,30000,2,4,No
787,"남동구, 인천",37.447226,126.731292,2024-06-07 10:53:01.713241,90,30000,6,3,No
788,"서산시, 충청남도",36.784517,126.450527,2024-05-21 21:28:22.352889,60,35000,3,3,Yes
789,"사하구, 부산",35.10467,128.96642,2024-06-19 12:35:00.486567,150,35000,1,1,Yes
790,"동구, 울산",35.482023,129.419159,2024-06-04 18:45:41.028596,60,25000,1,2,Yes
791,"서구, 광주",35.152998,126.89105,2024-06-06 14:19:46.014273,120,20000,3,1,Yes
792,"익산시, 전라북도",35.950593,126.9571,2024-06-02 08:24:16.833203,120,35000,2,1,Yes
793,"서산시, 충청남도",36.784517,126.450527,2024-06-07 11:12:34.887443,90,30000,5,3,Yes
794,"군산시, 전라북도",35.967035,126.736794,2024-06-12 12:54:55.889633,120,35000,1,0,Yes
795,"익산시, 전라북도",35.950593,126.9571,2024-06-04 18:46:46.454793,150,35000,1,4,Yes
796,"제천시, 충청북도",37.132647,128.191443,2024-06-09 15:24:53.202488,60,25000,4,0,Yes
797,"부평구, 인천",37.507342,126.721592,2024-05-27 14:31:57.458859,60,25000,2,1,No
798,"아산시, 충청남도",36.789839,127.004591,2024-06-11 14:15:32.499423,120,30000,1,3,No
799,"청주시, 충청북도",36.642432,127.489031,2024-05-22 04:08:15.316915,150,35000,5,3,No
800,"성남시, 경기도",37.420058,127.126546,2024-06-19 02:56:49.839942,60,35000,5,4,No
801,"부평구, 인천",37.507342,126.721592,2024-05-25 15:41:23.740768,120,20000,5,1,Yes
802,"포항시, 경상북도",36.01906,129.343481,2024-06-04 09:43:08.248969,90,25000,3,2,No
803,"동구, 울산",35.482023,129.419159,2024-06-07 11:23:06.502749,90,30000,3,1,Yes
804,"창원시, 경상남도",35.227352,128.681391,2024-05-28 03:53:59.038608,120,25000,1,4,Yes
805,"동구, 광주",35.146214,126.923445,2024-06-16 05:38:51.571865,90,25000,4,1,Yes
806,"창원시, 경상남도",35.227352,128.681391,2024-06-16 19:18:54.665741,60,25000,4,4,No
807,"충주시, 충청북도",36.990609,127.926264,2024-06-16 04:47:34.435320,90,30000,2,4,Yes
808,"아산시, 충청남도",36.789839,127.004591,2024-06-04 18:56:17.543360,150,30000,5,1,No
809,"김해시, 경상남도",35.228516,128.889215,2024-05-24 01:37:14.013779,120,30000,4,0,No
810,"군산시, 전라북도",35.967035,126.736794,2024-06-13 04:29:38.217278,90,25000,1,0,Yes
811,"중구, 대구",35.869407,128.600947,2024-06-09 18:54:46.373848,90,20000,4,3,Yes
812,"강남구, 서울",37.497175,127.027926,2024-06-16 14:30:21.476421,150,25000,2,1,Yes
813,"여수시, 전라남도",34.760407,127.662222,2024-05-28 21:44:17.178891,150,35000,6,1,Yes
814,"여수시, 전라남도",34.760407,127.662222,2024-05-27 23:57:16.850572,150,25000,4,2,No
815,"중구, 대구",35.869407,128.600947,2024-06-04 13:34:04.748229,60,30000,4,2,Yes
816,"동구, 광주",35.146214,126.923445,2024-06-14 06:17:19.456664,150,25000,3,3,No
817,"부평구, 인천",37.507342,126.721592,2024-06-09 19:32:21.921395,150,25000,2,0,No
818,"천안시, 충청남도",36.815072,127.113893,2024-05-31 04:33:16.700307,150,20000,2,2,Yes
819,"수원시, 경기도",37.263573,127.028601,2024-05-30 16:13:11.593756,120,25000,5,3,Yes
820,"구미시, 경상북도",36.119484,128.34457,2024-06-11 02:19:16.582415,90,30000,1,4,Yes
821,"종로구, 서울",37.57305,126.979189,2024-05-22 08:06:58.892243,60,25000,4,4,Yes
822,"충주시, 충청북도",36.990609,127.926264,2024-06-13 02:58:14.973106,90,25000,6,4,No
823,"서구, 광주",35.152998,126.89105,2024-06-04 11:29:41.926759,150,20000,2,2,Yes
824,"제천시, 충청북도",37.132647,128.191443,2024-06-14 04:54:40.738345,60,30000,6,1,No
825,"부평구, 인천",37.507342,126.721592,2024-06-10 22:45:26.036074,120,35000,5,1,No
826,"수영구, 부산",35.142998,129.11369,2024-06-04 01:21:48.823998,60,30000,5,0,No
827,"청주시, 충청북도",36.642432,127.489031,2024-06-10 14:26:32.962598,150,25000,6,2,No
828,"전주시, 전라북도",35.824224,127.147953,2024-06-04 15:29:34.769166,90,20000,3,0,Yes
829,"진주시, 경상남도",35.180188,128.107621,2024-06-14 17:04:08.087456,150,25000,1,2,Yes
830,"중구, 대전",36.325693,127.419801,2024-06-15 01:15:42.489122,60,35000,6,2,No
831,"동구, 광주",35.146214,126.923445,2024-05-28 15:39:09.585878,120,20000,4,2,Yes
832,"연수구, 인천",37.409843,126.67896,2024-06-11 07:13:30.152984,150,25000,4,0,Yes
833,"부평구, 인천",37.507342,126.721592,2024-05-25 18:14:15.541207,60,30000,4,2,Yes
834,"창원시, 경상남도",35.227352,128.681391,2024-06-05 18:26:05.702764,120,30000,1,4,Yes
835,"유성구, 대전",36.362675,127.356711,2024-06-05 00:59:00.825632,150,30000,2,4,Yes
836,"춘천시, 강원도",37.881315,127.729968,2024-06-08 22:19:25.813820,120,20000,5,4,Yes
837,"군산시, 전라북도",35.967035,126.736794,2024-06-10 21:30:39.052483,120,35000,5,2,No
838,"충주시, 충청북도",36.990609,127.926264,2024-05-29 11:08:44.528503,60,30000,2,2,Yes
839,"전주시, 전라북도",35.824224,127.147953,2024-06-01 05:02:26.415946,60,35000,5,3,No
840,"춘천시, 강원도",37.881315,127.729968,2024-06-15 00:17:12.559750,60,20000,2,2,No
841,"사하구, 부산",35.10467,128.96642,2024-06-19 07:42:47.285884,60,30000,2,2,Yes
842,"아산시, 충청남도",36.789839,127.004591,2024-06-04 20:27:52.311075,60,25000,2,4,No
843,"서구, 광주",35.152998,126.89105,2024-06-18 17:17:20.943606,120,30000,4,3,No
844,"김해시, 경상남도",35.228516,128.889215,2024-06-10 23:12:47.756001,120,35000,1,3,Yes
845,"동구, 대구",35.885774,128.635718,2024-06-08 18:44:51.505169,150,35000,2,4,No
846,"해운대구, 부산",35.163236,129.163125,2024-05-28 12:16:38.029607,90,25000,3,0,Yes
847,"익산시, 전라북도",35.950593,126.9571,2024-06-07 11:34:13.807697,60,30000,4,2,No
848,"목포시, 전라남도",34.811835,126.392166,2024-06-08 10:54:52.877066,120,30000,2,2,No
849,"여수시, 전라남도",34.760407,127.662222,2024-06-09 17:59:32.813054,150,25000,6,0,No
850,"여수시, 전라남도",34.760407,127.662222,2024-06-11 04:35:44.594152,150,25000,1,4,No
851,"아산시, 충청남도",36.789839,127.004591,2024-05-29 05:52:44.559874,120,30000,4,1,No
852,"서산시, 충청남도",36.784517,126.450527,2024-06-10 16:39:13.661653,150,35000,4,3,Yes
853,"진주시, 경상남도",35.180188,128.107621,2024-05-30 07:17:15.488801,150,30000,6,1,Yes
854,"군산시, 전라북도",35.967035,126.736794,2024-06-13 09:33:05.836966,90,25000,4,0,Yes
855,"부평구, 인천",37.507342,126.721592,2024-05-23 18:23:21.712822,60,20000,6,4,No
856,"동구, 광주",35.146214,126.923445,2024-05-31 08:09:28.574465,90,35000,3,0,No
857,"강릉시, 강원도",37.751853,128.876057,2024-05-31 06:00:10.041030,90,30000,6,1,Yes
858,"서구, 대전",36.355107,127.385541,2024-05-28 00:56:10.657091,90,20000,2,4,Yes
859,"목포시, 전라남도",34.811835,126.392166,2024-06-11 18:00:17.682102,60,35000,1,3,No
860,"구미시, 경상북도",36.119484,128.34457,2024-05-21 01:00:23.541714,120,20000,4,0,No
861,"경주시, 경상북도",35.85617,129.224748,2024-06-16 03:00:13.129474,60,30000,4,4,No
862,"해운대구, 부산",35.163236,129.163125,2024-05-28 11:56:56.280124,60,30000,2,1,Yes
863,"경주시, 경상북도",35.85617,129.224748,2024-06-07 05:27:35.661119,150,35000,1,3,No
864,"창원시, 경상남도",35.227352,128.681391,2024-06-19 11:50:44.854369,150,20000,3,0,No
865,"연수구, 인천",37.409843,126.67896,2024-06-11 20:06:43.304002,60,30000,4,2,No
866,"익산시, 전라북도",35.950593,126.9571,2024-06-11 21:23:51.869746,120,20000,3,1,Yes
867,"수성구, 대구",35.858298,128.631849,2024-06-03 23:14:38.975800,150,25000,4,3,No
868,"전주시, 전라북도",35.824224,127.147953,2024-06-02 08:18:29.711434,90,35000,5,3,Yes
869,"송파구, 서울",37.514575,127.105999,2024-06-01 22:17:25.501211,150,30000,3,0,No
870,"천안시, 충청남도",36.815072,127.113893,2024-05-25 16:14:56.455535,150,20000,4,1,No
871,"중구, 울산",35.566295,129.347207,2024-05-21 11:39:48.813354,150,30000,2,0,No
872,"익산시, 전라북도",35.950593,126.9571,2024-06-02 06:21:07.760942,150,35000,4,4,No
873,"강남구, 서울",37.497175,127.027926,2024-06-13 17:19:29.801885,150,20000,5,0,No
874,"중구, 울산",35.566295,129.347207,2024-05-28 21:17:23.631773,150,25000,5,2,No
875,"연수구, 인천",37.409843,126.67896,2024-06-03 09:58:03.875015,120,20000,1,4,Yes
876,"포항시, 경상북도",36.01906,129.343481,2024-06-04 11:20:10.417105,60,25000,3,3,No
877,"부평구, 인천",37.507342,126.721592,2024-05-30 06:58:11.725603,90,25000,4,2,No
878,"경주시, 경상북도",35.85617,129.224748,2024-06-16 00:13:40.406615,150,25000,5,0,No
879,"천안시, 충청남도",36.815072,127.113893,2024-05-20 23:56:10.408908,120,35000,1,1,No
880,"중구, 대전",36.325693,127.419801,2024-06-02 09:50:35.638230,60,30000,2,3,Yes
881,"송파구, 서울",37.514575,127.105999,2024-06-04 07:25:47.912271,120,20000,2,1,No
882,"충주시, 충청북도",36.990609,127.926264,2024-06-02 03:32:00.053384,90,25000,1,0,No
883,"종로구, 서울",37.57305,126.979189,2024-06-02 17:23:34.226892,60,30000,4,4,No
884,"원주시, 강원도",37.342371,127.920162,2024-05-28 09:19:15.503469,150,25000,1,4,Yes
885,"청주시, 충청북도",36.642432,127.489031,2024-06-03 07:45:54.150449,150,20000,5,2,No
886,"수원시, 경기도",37.263573,127.028601,2024-06-05 10:11:23.834951,120,25000,6,0,No
887,"충주시, 충청북도",36.990609,127.926264,2024-06-05 18:43:03.172109,120,30000,3,1,Yes
888,"용인시, 경기도",37.241086,127.177553,2024-05-30 18:18:24.723946,60,30000,4,0,No
889,"강남구, 서울",37.497175,127.027926,2024-05-28 22:03:17.251161,60,20000,6,1,No
890,"중구, 울산",35.566295,129.347207,2024-05-27 21:52:16.622728,90,30000,1,2,Yes
891,"제천시, 충청북도",37.132647,128.191443,2024-05-27 21:31:24.683146,150,35000,1,0,No
892,"여수시, 전라남도",34.760407,127.662222,2024-05-27 23:51:37.463770,150,30000,1,2,Yes
893,"아산시, 충청남도",36.789839,127.004591,2024-06-12 13:48:38.695459,150,35000,5,1,No
894,"북구, 광주",35.175049,126.912287,2024-06-11 03:21:25.370980,90,35000,3,1,Yes
895,"춘천시, 강원도",37.881315,127.729968,2024-05-26 12:29:19.763337,120,20000,3,2,Yes
896,"목포시, 전라남도",34.811835,126.392166,2024-05-31 02:04:05.684235,60,20000,4,2,No
897,"창원시, 경상남도",35.227352,128.681391,2024-05-30 04:47:20.039438,150,20000,2,3,Yes
898,"사하구, 부산",35.10467,128.96642,2024-05-27 09:20:50.091520,90,20000,3,0,Yes
899,"구미시, 경상북도",36.119484,128.34457,2024-06-18 22:17:41.529039,60,25000,2,2,No
900,"서산시, 충청남도",36.784517,126.450527,2024-06-06 19:58:46.174941,120,20000,4,4,Yes
901,"서구, 광주",35.152998,126.89105,2024-05-28 13:06:01.994627,60,25000,2,2,Yes
902,"수성구, 대구",35.858298,128.631849,2024-05-25 07:59:22.179371,90,20000,6,0,Yes
903,"경주시, 경상북도",35.85617,129.224748,2024-05-30 01:40:06.913507,150,20000,5,4,No
904,"제천시, 충청북도",37.132647,128.191443,2024-05-24 01:13:05.334957,60,20000,4,1,Yes
905,"중구, 울산",35.566295,129.347207,2024-05-20 17:49:06.249367,150,20000,4,0,No
906,"남동구, 인천",37.447226,126.731292,2024-06-04 19:39:35.551898,150,30000,4,0,No
907,"익산시, 전라북도",35.950593,126.9571,2024-06-13 00:42:38.660175,150,25000,4,1,No
908,"수영구, 부산",35.142998,129.11369,2024-05-21 15:40:28.293116,60,25000,4,1,Yes
909,"용인시, 경기도",37.241086,127.177553,2024-05-21 06:54:39.086488,150,35000,1,1,No
910,"제천시, 충청북도",37.132647,128.191443,2024-06-03 01:44:07.393955,60,30000,4,0,Yes
911,"순천시, 전라남도",34.95057,127.487002,2024-06-05 17:44:39.866074,90,25000,5,1,No
912,"중구, 대구",35.869407,128.600947,2024-05-27 11:38:52.467165,90,25000,2,2,No
913,"송파구, 서울",37.514575,127.105999,2024-06-03 02:13:11.680503,120,35000,4,3,No
914,"종로구, 서울",37.57305,126.979189,2024-06-16 12:49:09.721093,60,20000,2,3,Yes
915,"경주시, 경상북도",35.85617,129.224748,2024-06-16 13:32:13.578922,120,20000,5,2,Yes
916,"유성구, 대전",36.362675,127.356711,2024-06-15 13:40:17.265951,150,35000,1,3,No
917,"경주시, 경상북도",35.85617,129.224748,2024-05-26 18:57:26.116399,60,35000,6,3,No
918,"익산시, 전라북도",35.950593,126.9571,2024-06-09 09:42:47.341115,120,20000,4,2,Yes
919,"서구, 대전",36.355107,127.385541,2024-06-05 08:53:53.841233,120,25000,2,0,Yes
920,"유성구, 대전",36.362675,127.356711,2024-05-24 17:08:41.572965,120,30000,2,4,Yes
921,"전주시, 전라북도",35.824224,127.147953,2024-05-23 02:02:54.050462,120,35000,5,4,No
922,"중구, 대구",35.869407,128.600947,2024-06-04 06:52:25.899383,60,30000,1,3,No
923,"강남구, 서울",37.497175,127.027926,2024-06-11 12:15:36.015248,90,30000,1,4,Yes
924,"사하구, 부산",35.10467,128.96642,2024-06-05 12:05:42.485923,120,35000,2,2,Yes
925,"포항시, 경상북도",36.01906,129.343481,2024-05-25 16:04:29.076477,120,30000,2,2,No
926,"중구, 대구",35.869407,128.600947,2024-06-08 13:30:41.491798,90,25000,1,2,Yes
927,"목포시, 전라남도",34.811835,126.392166,2024-06-04 18:36:14.540043,120,25000,3,3,Yes
928,"동구, 울산",35.482023,129.419159,2024-05-22 12:16:11.584874,90,30000,3,0,No
929,"여수시, 전라남도",34.760407,127.662222,2024-05-23 12:30:23.842828,120,20000,1,4,No
930,"진주시, 경상남도",35.180188,128.107621,2024-06-01 01:55:48.295545,60,35000,2,2,No
931,"종로구, 서울",37.57305,126.979189,2024-06-01 06:37:25.532168,150,20000,5,0,Yes
932,"북구, 광주",35.175049,126.912287,2024-06-07 17:31:59.800417,120,25000,4,2,No
933,"수성구, 대구",35.858298,128.631849,2024-05-21 08:24:45.979711,150,35000,1,0,No
934,"서구, 대전",36.355107,127.385541,2024-06-08 16:03:58.971267,90,25000,2,4,Yes
935,"동구, 울산",35.482023,129.419159,2024-06-09 08:38:18.204797,90,35000,6,4,Yes
936,"연수구, 인천",37.409843,126.67896,2024-05-27 06:56:43.647039,120,35000,2,4,Yes
937,"용인시, 경기도",37.241086,127.177553,2024-05-22 09:43:46.324759,90,20000,3,2,Yes
938,"해운대구, 부산",35.163236,129.163125,2024-05-23 14:43:08.308907,120,30000,3,0,Yes
939,"경주시, 경상북도",35.85617,129.224748,2024-06-15 09:34:48.069565,60,20000,2,3,Yes
940,"중구, 대전",36.325693,127.419801,2024-05-24 00:04:35.030159,90,25000,1,1,No
941,"수원시, 경기도",37.263573,127.028601,2024-06-08 03:04:56.737547,60,25000,1,1,No
942,"연수구, 인천",37.409843,126.67896,2024-05-27 11:19:06.215167,120,35000,1,0,Yes
943,"동구, 광주",35.146214,126.923445,2024-06-17 08:32:36.481643,90,30000,4,3,Yes
944,"진주시, 경상남도",35.180188,128.107621,2024-05-22 17:43:11.514496,60,20000,5,1,Yes
945,"남동구, 인천",37.447226,126.731292,2024-05-30 15:03:50.246557,90,25000,3,0,Yes
946,"서구, 대전",36.355107,127.385541,2024-06-03 03:48:13.181220,60,20000,4,2,Yes
947,"부평구, 인천",37.507342,126.721592,2024-06-13 11:54:57.782865,150,30000,5,4,No
948,"사하구, 부산",35.10467,128.96642,2024-06-11 05:29:59.535559,90,25000,4,1,Yes
949,"강릉시, 강원도",37.751853,128.876057,2024-06-09 22:38:33.697608,150,25000,6,2,Yes
950,"동구, 울산",35.482023,129.419159,2024-06-01 20:54:39.362481,150,30000,6,1,Yes
951,"서산시, 충청남도",36.784517,126.450527,2024-06-12 05:17:26.870631,60,35000,2,1,No
952,"아산시, 충청남도",36.789839,127.004591,2024-06-06 19:31:53.373948,60,30000,3,4,No
953,"부평구, 인천",37.507342,126.721592,2024-06-08 19:07:41.933517,120,25000,3,0,Yes
954,"동구, 광주",35.146214,126.923445,2024-05-31 14:35:45.179554,90,30000,1,3,No
955,"부평구, 인천",37.507342,126.721592,2024-06-10 12:12:49.543769,150,20000,1,4,Yes
956,"용인시, 경기도",37.241086,127.177553,2024-06-16 09:04:37.230824,60,35000,2,3,No
957,"원주시, 강원도",37.342371,127.920162,2024-06-02 13:00:22.623822,90,25000,4,4,Yes
958,"수영구, 부산",35.142998,129.11369,2024-05-29 20:52:28.793125,60,30000,3,3,Yes
959,"남동구, 인천",37.447226,126.731292,2024-05-21 20:59:49.888462,120,30000,3,2,No
960,"진주시, 경상남도",35.180188,128.107621,2024-06-10 13:53:32.036006,90,20000,4,1,No
961,"동구, 대구",35.885774,128.635718,2024-05-29 06:45:09.339329,150,25000,2,1,No
962,"중구, 대전",36.325693,127.419801,2024-06-09 21:01:37.516252,150,20000,4,1,No
963,"목포시, 전라남도",34.811835,126.392166,2024-06-15 05:38:23.467997,60,30000,2,4,Yes
964,"청주시, 충청북도",36.642432,127.489031,2024-06-13 03:39:53.677862,120,25000,1,4,Yes
965,"포항시, 경상북도",36.01906,129.343481,2024-06-10 12:42:19.326042,120,25000,5,4,Yes
966,"구미시, 경상북도",36.119484,128.34457,2024-05-20 19:00:22.466578,90,25000,1,1,Yes
967,"남구, 울산",35.543799,129.324693,2024-06-18 19:14:18.046583,60,25000,3,3,No
968,"중구, 대전",36.325693,127.419801,2024-06-12 00:04:50.725019,150,20000,3,2,No
969,"중구, 대전",36.325693,127.419801,2024-06-11 05:00:03.470104,60,25000,2,1,Yes
970,"북구, 광주",35.175049,126.912287,2024-06-04 18:22:43.835663,90,20000,6,1,Yes
971,"서구, 대전",36.355107,127.385541,2024-06-13 18:38:59.035268,60,30000,1,2,Yes
972,"충주시, 충청북도",36.990609,127.926264,2024-05-23 08:46:36.091328,90,20000,4,3,Yes
973,"청주시, 충청북도",36.642432,127.489031,2024-06-03 21:54:42.616579,120,20000,5,1,Yes
974,"연수구, 인천",37.409843,126.67896,2024-06-09 23:53:27.727583,90,25000,4,0,No
975,"동구, 대구",35.885774,128.635718,2024-06-05 12:54:18.614484,90,25000,3,1,No
976,"서구, 광주",35.152998,126.89105,2024-06-01 18:12:52.573697,60,30000,2,0,No
977,"아산시, 충청남도",36.789839,127.004591,2024-06-10 02:07:45.815396,120,30000,1,0,Yes
978,"성남시, 경기도",37.420058,127.126546,2024-06-14 02:37:56.777932,90,30000,2,2,No
979,"군산시, 전라북도",35.967035,126.736794,2024-06-08 13:11:04.718858,60,20000,4,3,No
980,"서구, 대전",36.355107,127.385541,2024-06-08 03:53:25.684617,120,25000,4,2,Yes
981,"구미시, 경상북도",36.119484,128.34457,2024-05-24 18:38:18.217029,120,25000,4,1,Yes
982,"여수시, 전라남도",34.760407,127.662222,2024-05-24 11:44:23.383325,120,25000,2,0,No
983,"충주시, 충청북도",36.990609,127.926264,2024-05-28 08:37:54.264396,150,35000,4,0,No
984,"포항시, 경상북도",36.01906,129.343481,2024-05-23 00:04:52.140573,90,20000,4,2,Yes
985,"창원시, 경상남도",35.227352,128.681391,2024-06-04 19:18:47.521756,150,35000,1,4,Yes
986,"수성구, 대구",35.858298,128.631849,2024-05-21 11:41:27.389071,90,25000,1,4,Yes
987,"전주시, 전라북도",35.824224,127.147953,2024-05-21 14:45:42.824815,150,20000,4,2,Yes
988,"서구, 광주",35.152998,126.89105,2024-05-23 13:30:43.459145,120,35000,3,0,No
989,"해운대구, 부산",35.163236,129.163125,2024-06-12 15:09:56.739949,60,25000,1,2,No
990,"진주시, 경상남도",35.180188,128.107621,2024-05-23 16:44:10.736947,150,35000,4,4,No
991,"부평구, 인천",37.507342,126.721592,2024-05-26 01:01:20.796563,60,25000,3,4,Yes
992,"여수시, 전라남도",34.760407,127.662222,2024-06-09 04:18:16.636455,60,35000,6,1,No
993,"전주시, 전라북도",35.824224,127.147953,2024-05-25 12:57:20.964552,90,25000,6,1,No
994,"사하구, 부산",35.10467,128.96642,2024-06-01 03:33:19.230262,120,25000,6,0,No
995,"제천시, 충청북도",37.132647,128.191443,2024-05-21 11:23:43.337268,90,25000,5,0,No
996,"수영구, 부산",35.142998,129.11369,2024-06-04 01:04:37.504828,120,35000,4,4,No
997,"수영구, 부산",35.142998,129.11369,2024-06-16 06:11:42.327259,150,25000,2,3,Yes
998,"포항시, 경상북도",36.01906,129.343481,2024-06-09 05:59:45.525841,150,35000,4,2,Yes
999,"수원시, 경기도",37.263573,127.028601,2024-05-24 08:44:26.749443,120,30000,2,3,No
1000,"구미시, 경상북도",36.119484,128.34457,2024-06-14 00:47:38.157428,150,20000,6,0,Yes
